solid OpenSCAD_Model
  facet normal 3.9851814058899166e-20 -0.9786624140913104 -0.20547476547004143
    outer loop
      vertex 46.5 -3.0812762844933843 0.7257026341907817
      vertex 25 -2.9289116116354874 0
      vertex 46.5 -2.9289116116354874 0
    endloop
  endfacet
  facet normal 0 -0.9803977902112022 -0.19702835569783173
    outer loop
      vertex 46.5 -3.0812762844933843 0.7257026341907817
      vertex 46.5 -3.290416287355967 1.7663670397025264
      vertex 25 -3.0812762844933843 0.7257026341907817
    endloop
  endfacet
  facet normal 0 -0.9786624140913104 -0.20547476547004143
    outer loop
      vertex 46.5 -3.0812762844933843 0.7257026341907817
      vertex 25 -3.0812762844933843 0.7257026341907817
      vertex 25 -2.9289116116354874 0
    endloop
  endfacet
  facet normal 0 -0.9803977902112022 -0.19702835569783173
    outer loop
      vertex 46.5 -3.290416287355967 1.7663670397025264
      vertex 25 -3.290416287355967 1.7663670397025264
      vertex 25 -3.0812762844933843 0.7257026341907817
    endloop
  endfacet
  facet normal -0.7071034951626887 0.6907434892946892 0.1512550135556081
    outer loop
      vertex 42 0.13931809592578726 0
      vertex 42 0.07013163298056213 0.3159571223678661
      vertex 43.5 1.5367827782623635 0.6304955429838444
    endloop
  endfacet
  facet normal -0.7071034951626904 0.6920220453894587 0.14529327521842514
    outer loop
      vertex 42 0.07013163298056213 0.3159571223678661
      vertex 42 -0.14265866589792608 1.3294629274200993
      vertex 43.5 1.3266501433998172 1.6313430740347528
    endloop
  endfacet
  facet normal -0.7071034951626906 0.6932491473142006 0.13932073383685814
    outer loop
      vertex 42 -0.14265866589792608 1.3294629274200993
      vertex 43.5 1.125155388407805 2.6339653201253164
      vertex 43.5 1.3266501433998172 1.6313430740347528
    endloop
  endfacet
  facet normal 0 -0.9820602704531013 -0.18856729620372034
    outer loop
      vertex 46.5 -3.290416287355967 1.7663670397025264
      vertex 46.5 -3.490575115907106 2.808796120767269
      vertex 25 -3.290416287355967 1.7663670397025264
    endloop
  endfacet
  facet normal 0 -0.9836497312059966 -0.18009221609600623
    outer loop
      vertex 46.5 -3.490575115907106 2.808796120767269
      vertex 46.5 -3.6817378876637292 3.852912369271614
      vertex 25 -3.490575115907106 2.808796120767269
    endloop
  endfacet
  facet normal 0 -0.9820602704531013 -0.18856729620372034
    outer loop
      vertex 46.5 -3.490575115907106 2.808796120767269
      vertex 25 -3.490575115907106 2.808796120767269
      vertex 25 -3.290416287355967 1.7663670397025264
    endloop
  endfacet
  facet normal 0 -0.9836497312059966 -0.18009221609600623
    outer loop
      vertex 46.5 -3.6817378876637292 3.852912369271614
      vertex 25 -3.6817378876637292 3.852912369271614
      vertex 25 -3.490575115907106 2.808796120767269
    endloop
  endfacet
  facet normal -0.7071034951626842 0.6932491473142105 0.13932073383684127
    outer loop
      vertex 42 -0.14265866589792608 1.3294629274200993
      vertex 42 -0.34670183684677625 2.344765893317721
      vertex 43.5 1.125155388407805 2.6339653201253164
    endloop
  endfacet
  facet normal -0.7071034951626888 0.6944247038297647 0.13333783348942288
    outer loop
      vertex 42 -0.34670183684677625 2.344765893317721
      vertex 42 -0.5419827085689519 3.3617905288653454
      vertex 43.5 0.9323134951001322 3.6382877329143923
    endloop
  endfacet
  facet normal -0.7071034951626841 0.6944247038297717 0.13333783348941078
    outer loop
      vertex 42 -0.34670183684677625 2.344765893317721
      vertex 43.5 0.9323134951001322 3.6382877329143923
      vertex 43.5 1.125155388407805 2.6339653201253164
    endloop
  endfacet
  facet normal 0 0.9768542711244836 0.21390589750133962
    outer loop
      vertex 42 0.13931809592578726 0
      vertex -42 0.13931809592578726 0
      vertex 42 0.07013163298056213 0.3159571223678661
    endloop
  endfacet
  facet normal 0 0.9786624140913105 0.20547476547004104
    outer loop
      vertex 42 0.07013163298056213 0.3159571223678661
      vertex -42 0.07013163298056213 0.3159571223678661
      vertex 42 -0.14265866589792608 1.3294629274200993
    endloop
  endfacet
  facet normal 0 0.9803977902112024 0.19702835569783095
    outer loop
      vertex 42 -0.14265866589792608 1.3294629274200993
      vertex -42 -0.14265866589792608 1.3294629274200993
      vertex 42 -0.34670183684677625 2.344765893317721
    endloop
  endfacet
  facet normal 0 0.9820602704530998 0.18856729620372753
    outer loop
      vertex 42 -0.34670183684677625 2.344765893317721
      vertex -42 -0.34670183684677625 2.344765893317721
      vertex 42 -0.5419827085689519 3.3617905288653454
    endloop
  endfacet
  facet normal 0 0.9836497312059993 0.18009221609599088
    outer loop
      vertex 42 -0.5419827085689519 3.3617905288653454
      vertex -42 -0.5419827085689519 3.3617905288653454
      vertex 42 -0.7284867612738708 4.380461214855682
    endloop
  endfacet
  facet normal 0 -0.9851660542881391 -0.17160374552538102
    outer loop
      vertex 46.5 -3.6817378876637292 3.852912369271614
      vertex 46.5 -3.8638903890298195 4.898638151655568
      vertex 25 -3.6817378876637292 3.852912369271614
    endloop
  endfacet
  facet normal 0 -0.9866091269557846 -0.16310251563830755
    outer loop
      vertex 46.5 -3.8638903890298195 4.898638151655568
      vertex 46.5 -4.037019076353403 5.9458957146848626
      vertex 25 -3.8638903890298195 4.898638151655568
    endloop
  endfacet
  facet normal 0 -0.9851660542881391 -0.17160374552538102
    outer loop
      vertex 46.5 -3.8638903890298195 4.898638151655568
      vertex 25 -3.8638903890298195 4.898638151655568
      vertex 25 -3.6817378876637292 3.852912369271614
    endloop
  endfacet
  facet normal 0 -0.9866091269557846 -0.16310251563830755
    outer loop
      vertex 46.5 -4.037019076353403 5.9458957146848626
      vertex 25 -4.037019076353403 5.9458957146848626
      vertex 25 -3.8638903890298195 4.898638151655568
    endloop
  endfacet
  facet normal -0.7071034951626887 0.6955486275295516 0.12734501902495704
    outer loop
      vertex 42 -0.5419827085689519 3.3617905288653454
      vertex 42 -0.7284867612738708 4.380461214855682
      vertex 43.5 0.7481388019210584 4.644235637647718
    endloop
  endfacet
  facet normal -0.7071034951626887 0.6955486275295515 0.12734501902495704
    outer loop
      vertex 42 -0.5419827085689519 3.3617905288653454
      vertex 43.5 0.7481388019210584 4.644235637647718
      vertex 43.5 0.9323134951001322 3.6382877329143923
    endloop
  endfacet
  facet normal -0.7071034951626906 0.6966208348460496 0.12134273602939558
    outer loop
      vertex 42 -0.9062001277570175 5.400702209692003
      vertex 43.5 0.5726450028793977 5.651734238710219
      vertex 42 -0.7284867612738708 4.380461214855682
    endloop
  endfacet
  facet normal -0.7071034951626887 0.6966208348460525 0.1213427360293903
    outer loop
      vertex 42 -0.7284867612738708 4.380461214855682
      vertex 43.5 0.5726450028793977 5.651734238710219
      vertex 43.5 0.7481388019210584 4.644235637647718
    endloop
  endfacet
  facet normal 0 -0.9879788419116369 -0.15458915852976518
    outer loop
      vertex 46.5 -4.037019076353403 5.9458957146848626
      vertex 46.5 -4.201111076933373 6.9946071912322125
      vertex 25 -4.037019076353403 5.9458957146848626
    endloop
  endfacet
  facet normal 0 -0.9892750973127633 -0.14606430719660052
    outer loop
      vertex 46.5 -4.201111076933373 6.9946071912322125
      vertex 46.5 -4.356154189976792 8.04469460606693
      vertex 25 -4.201111076933373 6.9946071912322125
    endloop
  endfacet
  facet normal 0 -0.9879788419116369 -0.15458915852976518
    outer loop
      vertex 46.5 -4.201111076933373 6.9946071912322125
      vertex 25 -4.201111076933373 6.9946071912322125
      vertex 25 -4.037019076353403 5.9458957146848626
    endloop
  endfacet
  facet normal -0.7071034951626907 0.6976412460570389 0.1153314307926898
    outer loop
      vertex 42 -0.9062001277570175 5.400702209692003
      vertex 42 -1.075109594430998 6.422437655019841
      vertex 43.5 0.4058451465302113 6.660708625187329
    endloop
  endfacet
  facet normal -0.7071034951626906 0.6976412460570388 0.11533143079268977
    outer loop
      vertex 42 -0.9062001277570175 5.400702209692003
      vertex 43.5 0.4058451465302113 6.660708625187329
      vertex 43.5 0.5726450028793977 5.651734238710219
    endloop
  endfacet
  facet normal 1 0 0
    outer loop
      vertex 46.5 -3.8638903890298195 4.898638151655568
      vertex 46.5 10.28372802886085 7.300177896179225
      vertex 46.5 -4.037019076353403 5.9458957146848626
    endloop
  endfacet
  facet normal -0.7071034951626861 0.698609785291513 0.10931155027561971
    outer loop
      vertex 42 -1.075109594430998 6.422437655019841
      vertex 42 -1.2352026023080072 7.445591581367317
      vertex 43.5 0.24775163500466135 7.67108377643487
    endloop
  endfacet
  facet normal -0.7071034951626906 0.6986097852915064 0.10931155027563194
    outer loop
      vertex 42 -1.075109594430998 6.422437655019841
      vertex 43.5 0.24775163500466135 7.67108377643487
      vertex 43.5 0.4058451465302113 6.660708625187329
    endloop
  endfacet
  facet normal 1 0 0
    outer loop
      vertex 46.5 -4.037019076353403 5.9458957146848626
      vertex 46.5 10.130781280313258 8.225354662857193
      vertex 46.5 -4.201111076933373 6.9946071912322125
    endloop
  endfacet
  facet normal -1.2403935547281012e-19 0.9851660542881373 0.17160374552539057
    outer loop
      vertex 42 -0.9062001277570175 5.400702209692003
      vertex 42 -0.7284867612738708 4.380461214855682
      vertex -42 -0.7284867612738708 4.380461214855682
    endloop
  endfacet
  facet normal 0 0.9866091269557868 0.1631025156382945
    outer loop
      vertex 42 -0.9062001277570175 5.400702209692003
      vertex -42 -0.9062001277570175 5.400702209692003
      vertex 42 -1.075109594430998 6.422437655019841
    endloop
  endfacet
  facet normal 0 0.9879788419116374 0.1545891585297617
    outer loop
      vertex 42 -1.075109594430998 6.422437655019841
      vertex -42 -1.075109594430998 6.422437655019841
      vertex 42 -1.2352026023080072 7.445591581367317
    endloop
  endfacet
  facet normal 0 -0.9786624140913103 -0.2054747654700414
    outer loop
      vertex -46.5 -2.9289116116354874 0
      vertex 15 -2.9289116116354874 0
      vertex 15 -3.0812762844933843 0.7257026341907817
    endloop
  endfacet
  facet normal 0 -0.9803977902112023 -0.19702835569783173
    outer loop
      vertex -46.5 -3.0812762844933843 0.7257026341907817
      vertex 15 -3.0812762844933843 0.7257026341907817
      vertex 15 -3.290416287355967 1.7663670397025264
    endloop
  endfacet
  facet normal 0 0.9768542711244836 0.21390589750133962
    outer loop
      vertex 42 0.07013163298056213 0.3159571223678661
      vertex -42 0.13931809592578726 0
      vertex -42 0.07013163298056213 0.3159571223678661
    endloop
  endfacet
  facet normal 0 0.9786624140913105 0.20547476547004104
    outer loop
      vertex 42 -0.14265866589792608 1.3294629274200993
      vertex -42 0.07013163298056213 0.3159571223678661
      vertex -42 -0.14265866589792608 1.3294629274200993
    endloop
  endfacet
  facet normal 0 -0.9820602704531013 -0.18856729620372037
    outer loop
      vertex -46.5 -3.290416287355967 1.7663670397025264
      vertex 15 -3.290416287355967 1.7663670397025264
      vertex 15 -3.490575115907106 2.808796120767269
    endloop
  endfacet
  facet normal 0 -0.9836497312059965 -0.18009221609600617
    outer loop
      vertex -46.5 -3.490575115907106 2.808796120767269
      vertex 15 -3.490575115907106 2.808796120767269
      vertex 15 -3.6817378876637292 3.852912369271614
    endloop
  endfacet
  facet normal 0 0.9803977902112024 0.19702835569783095
    outer loop
      vertex 42 -0.34670183684677625 2.344765893317721
      vertex -42 -0.14265866589792608 1.3294629274200993
      vertex -42 -0.34670183684677625 2.344765893317721
    endloop
  endfacet
  facet normal 0 0.9820602704530998 0.18856729620372753
    outer loop
      vertex 42 -0.5419827085689519 3.3617905288653454
      vertex -42 -0.34670183684677625 2.344765893317721
      vertex -42 -0.5419827085689519 3.3617905288653454
    endloop
  endfacet
  facet normal 0 -0.9786624140913103 -0.2054747654700414
    outer loop
      vertex -46.5 -3.0812762844933843 0.7257026341907817
      vertex -46.5 -2.9289116116354874 0
      vertex 15 -3.0812762844933843 0.7257026341907817
    endloop
  endfacet
  facet normal -1.3844955844034632e-19 -0.9803977902112023 -0.19702835569783173
    outer loop
      vertex -46.5 -3.0812762844933843 0.7257026341907817
      vertex 15 -3.290416287355967 1.7663670397025264
      vertex -46.5 -3.290416287355967 1.7663670397025264
    endloop
  endfacet
  facet normal 0.7071034951626864 0.6907434892946913 0.15125501355560858
    outer loop
      vertex -42 0.13931809592578726 0
      vertex -43.5 1.6748450450499117 0
      vertex -42 0.07013163298056213 0.3159571223678661
    endloop
  endfacet
  facet normal 0.7071034951626887 0.6920220453894603 0.14529327521842547
    outer loop
      vertex -42 0.07013163298056213 0.3159571223678661
      vertex -43.5 1.5367827782623635 0.6304955429838444
      vertex -42 -0.14265866589792608 1.3294629274200993
    endloop
  endfacet
  facet normal 0.7071034951626904 0.6932491473142043 0.13932073383684002
    outer loop
      vertex -42 -0.14265866589792608 1.3294629274200993
      vertex -43.5 1.3266501433998172 1.6313430740347528
      vertex -42 -0.34670183684677625 2.344765893317721
    endloop
  endfacet
  facet normal 1.9884355482102546e-19 -0.9820602704531013 -0.18856729620372037
    outer loop
      vertex -46.5 -3.290416287355967 1.7663670397025264
      vertex 15 -3.490575115907106 2.808796120767269
      vertex -46.5 -3.490575115907106 2.808796120767269
    endloop
  endfacet
  facet normal -9.597505128495967e-20 -0.9836497312059965 -0.18009221609600617
    outer loop
      vertex -46.5 -3.490575115907106 2.808796120767269
      vertex 15 -3.6817378876637292 3.852912369271614
      vertex -46.5 -3.6817378876637292 3.852912369271614
    endloop
  endfacet
  facet normal 0.7071034951626841 0.6932491473142068 0.1393207338368594
    outer loop
      vertex -43.5 1.3266501433998172 1.6313430740347528
      vertex -43.5 1.125155388407805 2.6339653201253164
      vertex -42 -0.34670183684677625 2.344765893317721
    endloop
  endfacet
  facet normal 0.7071034951626842 0.6944247038297692 0.1333378334894237
    outer loop
      vertex -42 -0.34670183684677625 2.344765893317721
      vertex -43.5 1.125155388407805 2.6339653201253164
      vertex -42 -0.5419827085689519 3.3617905288653454
    endloop
  endfacet
  facet normal 0.7071034951626887 0.6944247038297672 0.1333378334894099
    outer loop
      vertex -43.5 1.125155388407805 2.6339653201253164
      vertex -43.5 0.9323134951001322 3.6382877329143923
      vertex -42 -0.5419827085689519 3.3617905288653454
    endloop
  endfacet
  facet normal 0 -0.985166054288139 -0.171603745525381
    outer loop
      vertex -46.5 -3.6817378876637292 3.852912369271614
      vertex 15 -3.6817378876637292 3.852912369271614
      vertex 15 -3.8638903890298195 4.898638151655568
    endloop
  endfacet
  facet normal 0 -0.9866091269557847 -0.16310251563830758
    outer loop
      vertex -46.5 -3.8638903890298195 4.898638151655568
      vertex 15 -3.8638903890298195 4.898638151655568
      vertex 15 -4.037019076353403 5.9458957146848626
    endloop
  endfacet
  facet normal 0 0.9836497312059993 0.18009221609599088
    outer loop
      vertex 42 -0.7284867612738708 4.380461214855682
      vertex -42 -0.5419827085689519 3.3617905288653454
      vertex -42 -0.7284867612738708 4.380461214855682
    endloop
  endfacet
  facet normal 0 0.9851660542881373 0.17160374552539057
    outer loop
      vertex 42 -0.9062001277570175 5.400702209692003
      vertex -42 -0.7284867612738708 4.380461214855682
      vertex -42 -0.9062001277570175 5.400702209692003
    endloop
  endfacet
  facet normal 0 -0.9879788419116369 -0.15458915852976515
    outer loop
      vertex -46.5 -4.037019076353403 5.9458957146848626
      vertex 15 -4.037019076353403 5.9458957146848626
      vertex 15 -4.201111076933373 6.9946071912322125
    endloop
  endfacet
  facet normal 0 -0.9892750973127632 -0.1460643071966005
    outer loop
      vertex -46.5 -4.201111076933373 6.9946071912322125
      vertex 15 -4.201111076933373 6.9946071912322125
      vertex 15 -4.356154189976792 8.04469460606693
    endloop
  endfacet
  facet normal 0 0.9866091269557868 0.1631025156382945
    outer loop
      vertex 42 -1.075109594430998 6.422437655019841
      vertex -42 -0.9062001277570175 5.400702209692003
      vertex -42 -1.075109594430998 6.422437655019841
    endloop
  endfacet
  facet normal 0 0.9879788419116374 0.1545891585297617
    outer loop
      vertex 42 -1.2352026023080072 7.445591581367317
      vertex -42 -1.075109594430998 6.422437655019841
      vertex -42 -1.2352026023080072 7.445591581367317
    endloop
  endfacet
  facet normal 1.7303221035513402e-20 -0.985166054288139 -0.171603745525381
    outer loop
      vertex -46.5 -3.6817378876637292 3.852912369271614
      vertex 15 -3.8638903890298195 4.898638151655568
      vertex -46.5 -3.8638903890298195 4.898638151655568
    endloop
  endfacet
  facet normal -1.2022357357860463e-19 -0.9866091269557847 -0.16310251563830758
    outer loop
      vertex -46.5 -3.8638903890298195 4.898638151655568
      vertex 15 -4.037019076353403 5.9458957146848626
      vertex -46.5 -4.037019076353403 5.9458957146848626
    endloop
  endfacet
  facet normal 0.7071034951626887 0.6955486275295516 0.12734501902495704
    outer loop
      vertex -42 -0.5419827085689519 3.3617905288653454
      vertex -43.5 0.9323134951001322 3.6382877329143923
      vertex -42 -0.7284867612738708 4.380461214855682
    endloop
  endfacet
  facet normal 0.7071034951626887 0.6955486275295515 0.12734501902495704
    outer loop
      vertex -43.5 0.9323134951001322 3.6382877329143923
      vertex -43.5 0.7481388019210584 4.644235637647718
      vertex -42 -0.7284867612738708 4.380461214855682
    endloop
  endfacet
  facet normal 0.7071034951626887 0.6966208348460516 0.12134273602939592
    outer loop
      vertex -42 -0.9062001277570175 5.400702209692003
      vertex -42 -0.7284867612738708 4.380461214855682
      vertex -43.5 0.7481388019210584 4.644235637647718
    endloop
  endfacet
  facet normal 0.7071034951626907 0.6966208348460506 0.12134273602938997
    outer loop
      vertex -42 -0.9062001277570175 5.400702209692003
      vertex -43.5 0.7481388019210584 4.644235637647718
      vertex -43.5 0.5726450028793977 5.651734238710219
    endloop
  endfacet
  facet normal 1.8000756409199567e-19 -0.9879788419116369 -0.15458915852976515
    outer loop
      vertex -46.5 -4.037019076353403 5.9458957146848626
      vertex 15 -4.201111076933373 6.9946071912322125
      vertex -46.5 -4.201111076933373 6.9946071912322125
    endloop
  endfacet
  facet normal 0.7071034951626907 0.6976412460570389 0.1153314307926898
    outer loop
      vertex -42 -0.9062001277570175 5.400702209692003
      vertex -43.5 0.5726450028793977 5.651734238710219
      vertex -42 -1.075109594430998 6.422437655019841
    endloop
  endfacet
  facet normal 0.7071034951626906 0.6976412460570388 0.11533143079268977
    outer loop
      vertex -42 -1.075109594430998 6.422437655019841
      vertex -43.5 0.5726450028793977 5.651734238710219
      vertex -43.5 0.4058451465302113 6.660708625187329
    endloop
  endfacet
  facet normal -1 0 0
    outer loop
      vertex -46.5 -3.8638903890298195 4.898638151655568
      vertex -46.5 -4.037019076353403 5.9458957146848626
      vertex -46.5 10.229511597848514 8.241239394438388
    endloop
  endfacet
  facet normal 0.7071034951626906 0.6986097852915084 0.10931155027561901
    outer loop
      vertex -42 -1.075109594430998 6.422437655019841
      vertex -43.5 0.4058451465302113 6.660708625187329
      vertex -42 -1.2352026023080072 7.445591581367317
    endloop
  endfacet
  facet normal 0.7071034951626861 0.6986097852915109 0.10931155027563264
    outer loop
      vertex -42 -1.2352026023080072 7.445591581367317
      vertex -43.5 0.4058451465302113 6.660708625187329
      vertex -43.5 0.24775163500466135 7.67108377643487
    endloop
  endfacet
  facet normal -1 0 0
    outer loop
      vertex -46.5 -4.037019076353403 5.9458957146848626
      vertex -46.5 -4.201111076933373 6.9946071912322125
      vertex -46.5 10.084681412125107 9.16684867083098
    endloop
  endfacet
  facet normal -0.7071034951626877 0.6907434892946924 0.15125501355559823
    outer loop
      vertex 42 0.13931809592578726 0
      vertex 43.5 1.5367827782623635 0.6304955429838444
      vertex 43.5 1.6748450450499117 0
    endloop
  endfacet
  facet normal -0.7071034951626887 0.6920220453894615 0.14529327521842036
    outer loop
      vertex 42 0.07013163298056213 0.3159571223678661
      vertex 43.5 1.3266501433998172 1.6313430740347528
      vertex 43.5 1.5367827782623635 0.6304955429838444
    endloop
  endfacet
  facet normal 1 0 0
    outer loop
      vertex 46.5 -3.0812762844933843 0.7257026341907817
      vertex 46.5 -2.9289116116354874 0
      vertex 46.5 11.167791967069803 2.695964505341262
    endloop
  endfacet
  facet normal -1 0 0
    outer loop
      vertex 43.5 1.6748450450499117 0
      vertex 43.5 1.5367827782623635 0.6304955429838444
      vertex 43.5 9.212257106694082 2.2765799445199555
    endloop
  endfacet
  facet normal -1 0 0
    outer loop
      vertex 43.5 1.5367827782623635 0.6304955429838444
      vertex 43.5 1.3266501433998172 1.6313430740347528
      vertex 43.5 9.016032913517563 3.211182508284672
    endloop
  endfacet
  facet normal 1 0 0
    outer loop
      vertex 46.5 -3.0812762844933843 0.7257026341907817
      vertex 46.5 10.975111325914526 3.6136893704375375
      vertex 46.5 -3.290416287355967 1.7663670397025264
    endloop
  endfacet
  facet normal 1 0 0
    outer loop
      vertex 46.5 -3.290416287355967 1.7663670397025264
      vertex 46.5 10.790351169041813 4.53304155644917
      vertex 46.5 -3.490575115907106 2.808796120767269
    endloop
  endfacet
  facet normal -1 0 0
    outer loop
      vertex 43.5 1.3266501433998172 1.6313430740347528
      vertex 43.5 1.125155388407805 2.6339653201253164
      vertex 43.5 8.827874868702366 4.147442320705711
    endloop
  endfacet
  facet normal 1 0 0
    outer loop
      vertex 46.5 -3.0812762844933843 0.7257026341907817
      vertex 46.5 11.167791967069803 2.695964505341262
      vertex 46.5 10.975111325914526 3.6136893704375375
    endloop
  endfacet
  facet normal 1 0 0
    outer loop
      vertex 46.5 -3.290416287355967 1.7663670397025264
      vertex 46.5 10.975111325914526 3.6136893704375375
      vertex 46.5 10.790351169041813 4.53304155644917
    endloop
  endfacet
  facet normal 1 0 0
    outer loop
      vertex 46.5 -2.9289116116354874 0
      vertex 46.5 11.782121940828798 0
      vertex 46.5 11.576856808559839 0.8656695555640326
    endloop
  endfacet
  facet normal -1 0 0
    outer loop
      vertex 43.5 1.6748450450499117 0
      vertex 43.5 9.628844979751761 0.4126243979652102
      vertex 43.5 9.726685317420262 0
    endloop
  endfacet
  facet normal 1 0 0
    outer loop
      vertex 46.5 -2.9289116116354874 0
      vertex 46.5 11.576856808559839 0.8656695555640326
      vertex 46.5 11.368378766052956 1.779935197095245
    endloop
  endfacet
  facet normal -1 0 0
    outer loop
      vertex 43.5 1.6748450450499117 0
      vertex 43.5 9.416532858302219 1.3437041202602202
      vertex 43.5 9.628844979751761 0.4126243979652102
    endloop
  endfacet
  facet normal -1 0 0
    outer loop
      vertex 43.5 1.6748450450499117 0
      vertex 43.5 9.212257106694082 2.2765799445199555
      vertex 43.5 9.416532858302219 1.3437041202602202
    endloop
  endfacet
  facet normal 1 0 0
    outer loop
      vertex 46.5 -2.9289116116354874 0
      vertex 46.5 11.368378766052956 1.779935197095245
      vertex 46.5 11.167791967069803 2.695964505341262
    endloop
  endfacet
  facet normal 0 -0.9730202278165857 -0.23071982199143512
    outer loop
      vertex 43.5 9.726685317420262 0
      vertex 42.5 9.628844979751761 0.4126243979652102
      vertex 42.5 9.726685317420262 0
    endloop
  endfacet
  facet normal 2.4525821954244996e-18 -0.9730202278165857 -0.23071982199143512
    outer loop
      vertex 43.5 9.726685317420262 0
      vertex 43.5 9.628844979751761 0.4126243979652102
      vertex 42.5 9.628844979751761 0.4126243979652102
    endloop
  endfacet
  facet normal -1 0 0
    outer loop
      vertex 42.5 9.726685317420262 0
      vertex 42.5 10.115847936953784 0.5258856873649158
      vertex 42.5 10.240544473272395 0
    endloop
  endfacet
  facet normal -1 0 0
    outer loop
      vertex 42.5 9.726685317420262 0
      vertex 42.5 9.628844979751761 0.4126243979652102
      vertex 42.5 10.115847936953784 0.5258856873649158
    endloop
  endfacet
  facet normal 0 -0.9749734957522505 -0.2223211249086252
    outer loop
      vertex 43.5 9.628844979751761 0.4126243979652102
      vertex 42.5 9.416532858302219 1.3437041202602202
      vertex 42.5 9.628844979751761 0.4126243979652102
    endloop
  endfacet
  facet normal -1 0 0
    outer loop
      vertex 42.5 9.628844979751761 0.4126243979652102
      vertex 42.5 9.904494335239889 1.4527618894689738
      vertex 42.5 10.115847936953784 0.5258856873649158
    endloop
  endfacet
  facet normal -0.8320479148522022 0.5397379842163303 0.12798115401962476
    outer loop
      vertex 42.5 10.240544473272395 0
      vertex 42.5 10.115847936953784 0.5258856873649158
      vertex 43.5 11.576856808559839 0.8656695555640326
    endloop
  endfacet
  facet normal 0 0.9730202278165844 0.2307198219914416
    outer loop
      vertex 46.5 11.782121940828798 0
      vertex 43.5 11.782121940828798 0
      vertex 46.5 11.576856808559839 0.8656695555640326
    endloop
  endfacet
  facet normal -0.8320479148522032 0.5397379842163271 0.12798115401963078
    outer loop
      vertex 42.5 10.240544473272395 0
      vertex 43.5 11.576856808559839 0.8656695555640326
      vertex 43.5 11.782121940828798 0
    endloop
  endfacet
  facet normal 8.884923221128586e-19 0.9730202278165844 0.2307198219914416
    outer loop
      vertex 43.5 11.782121940828798 0
      vertex 43.5 11.576856808559839 0.8656695555640326
      vertex 46.5 11.576856808559839 0.8656695555640326
    endloop
  endfacet
  facet normal 1.2689407665294785e-17 -0.9749734957522505 -0.2223211249086252
    outer loop
      vertex 43.5 9.628844979751761 0.4126243979652102
      vertex 43.5 9.416532858302219 1.3437041202602202
      vertex 42.5 9.416532858302219 1.3437041202602202
    endloop
  endfacet
  facet normal -1 0 0
    outer loop
      vertex 42.5 9.628844979751761 0.4126243979652102
      vertex 42.5 9.416532858302219 1.3437041202602202
      vertex 42.5 9.904494335239889 1.4527618894689738
    endloop
  endfacet
  facet normal -0.8320479148522056 0.5408214692951431 0.12332236512303589
    outer loop
      vertex 42.5 10.115847936953784 0.5258856873649158
      vertex 42.5 9.904494335239889 1.4527618894689738
      vertex 43.5 11.368378766052956 1.779935197095245
    endloop
  endfacet
  facet normal 0 -0.9768542711244856 -0.21390589750133115
    outer loop
      vertex 43.5 9.416532858302219 1.3437041202602202
      vertex 42.5 9.212257106694082 2.2765799445199555
      vertex 42.5 9.416532858302219 1.3437041202602202
    endloop
  endfacet
  facet normal -1 0 0
    outer loop
      vertex 42.5 9.416532858302219 1.3437041202602202
      vertex 42.5 9.701140821788002 2.381426084725277
      vertex 42.5 9.904494335239889 1.4527618894689738
    endloop
  endfacet
  facet normal -0.8320479148522021 0.5408214692951507 0.12332236512302544
    outer loop
      vertex 42.5 10.115847936953784 0.5258856873649158
      vertex 43.5 11.368378766052956 1.779935197095245
      vertex 43.5 11.576856808559839 0.8656695555640326
    endloop
  endfacet
  facet normal 0 0.9749734957522511 0.22232112490862183
    outer loop
      vertex 46.5 11.576856808559839 0.8656695555640326
      vertex 43.5 11.576856808559839 0.8656695555640326
      vertex 46.5 11.368378766052956 1.779935197095245
    endloop
  endfacet
  facet normal -3.5669610616241254e-18 0.9749734957522511 0.22232112490862183
    outer loop
      vertex 43.5 11.576856808559839 0.8656695555640326
      vertex 43.5 11.368378766052956 1.779935197095245
      vertex 46.5 11.368378766052956 1.779935197095245
    endloop
  endfacet
  facet normal -1 0 0
    outer loop
      vertex 43.5 1.5367827782623635 0.6304955429838444
      vertex 43.5 9.016032913517563 3.211182508284672
      vertex 43.5 9.212257106694082 2.2765799445199555
    endloop
  endfacet
  facet normal -1 0 0
    outer loop
      vertex 43.5 1.3266501433998172 1.6313430740347528
      vertex 43.5 8.827874868702366 4.147442320705711
      vertex 43.5 9.016032913517563 3.211182508284672
    endloop
  endfacet
  facet normal 5.15043993300733e-18 -0.9786624140913109 -0.20547476547003865
    outer loop
      vertex 43.5 9.212257106694082 2.2765799445199555
      vertex 43.5 9.016032913517563 3.211182508284672
      vertex 42.5 9.016032913517563 3.211182508284672
    endloop
  endfacet
  facet normal 0 -0.980397790211202 -0.19702835569783317
    outer loop
      vertex 43.5 9.016032913517563 3.211182508284672
      vertex 42.5 8.827874868702366 4.147442320705711
      vertex 42.5 9.016032913517563 3.211182508284672
    endloop
  endfacet
  facet normal -1.9820564753313316e-18 -0.9768542711244856 -0.21390589750133115
    outer loop
      vertex 43.5 9.416532858302219 1.3437041202602202
      vertex 43.5 9.212257106694082 2.2765799445199555
      vertex 42.5 9.212257106694082 2.2765799445199555
    endloop
  endfacet
  facet normal -1 0 0
    outer loop
      vertex 42.5 9.416532858302219 1.3437041202602202
      vertex 42.5 9.212257106694082 2.2765799445199555
      vertex 42.5 9.701140821788002 2.381426084725277
    endloop
  endfacet
  facet normal -0.8320479148522059 0.5418647424760655 0.118654406793188
    outer loop
      vertex 42.5 9.904494335239889 1.4527618894689738
      vertex 42.5 9.701140821788002 2.381426084725277
      vertex 43.5 11.167791967069803 2.695964505341262
    endloop
  endfacet
  facet normal 0 -0.9786624140913109 -0.20547476547003865
    outer loop
      vertex 43.5 9.212257106694082 2.2765799445199555
      vertex 42.5 9.016032913517563 3.211182508284672
      vertex 42.5 9.212257106694082 2.2765799445199555
    endloop
  endfacet
  facet normal -1 0 0
    outer loop
      vertex 42.5 9.212257106694082 2.2765799445199555
      vertex 42.5 9.50580251661681 3.3118092238228876
      vertex 42.5 9.701140821788002 2.381426084725277
    endloop
  endfacet
  facet normal -0.8320479148522056 0.5418647424760663 0.11865440679318703
    outer loop
      vertex 42.5 9.904494335239889 1.4527618894689738
      vertex 43.5 11.167791967069803 2.695964505341262
      vertex 43.5 11.368378766052956 1.779935197095245
    endloop
  endfacet
  facet normal 0 0.9768542711244871 0.21390589750132463
    outer loop
      vertex 46.5 11.368378766052956 1.779935197095245
      vertex 43.5 11.368378766052956 1.779935197095245
      vertex 46.5 11.167791967069803 2.695964505341262
    endloop
  endfacet
  facet normal -2.9512027993693286e-18 0.9768542711244871 0.21390589750132463
    outer loop
      vertex 43.5 11.368378766052956 1.779935197095245
      vertex 43.5 11.167791967069803 2.695964505341262
      vertex 46.5 11.167791967069803 2.695964505341262
    endloop
  endfacet
  facet normal -1 0 0
    outer loop
      vertex 42.5 9.212257106694082 2.2765799445199555
      vertex 42.5 9.016032913517563 3.211182508284672
      vertex 42.5 9.50580251661681 3.3118092238228876
    endloop
  endfacet
  facet normal -0.8320479148522022 0.5428677261882192 0.11397762610852677
    outer loop
      vertex 42.5 9.701140821788002 2.381426084725277
      vertex 42.5 9.50580251661681 3.3118092238228876
      vertex 43.5 10.975111325914526 3.6136893704375375
    endloop
  endfacet
  facet normal -1 0 0
    outer loop
      vertex 42.5 9.016032913517563 3.211182508284672
      vertex 42.5 9.318493943787232 4.243842129641571
      vertex 42.5 9.50580251661681 3.3118092238228876
    endloop
  endfacet
  facet normal 0 0.9786624140913097 0.20547476547004434
    outer loop
      vertex 46.5 11.167791967069803 2.695964505341262
      vertex 43.5 11.167791967069803 2.695964505341262
      vertex 46.5 10.975111325914526 3.6136893704375375
    endloop
  endfacet
  facet normal -0.832047914852206 0.542867726188211 0.11397762610853841
    outer loop
      vertex 42.5 9.701140821788002 2.381426084725277
      vertex 43.5 10.975111325914526 3.6136893704375375
      vertex 43.5 11.167791967069803 2.695964505341262
    endloop
  endfacet
  facet normal 3.3475823886806055e-18 0.9786624140913097 0.20547476547004434
    outer loop
      vertex 43.5 11.167791967069803 2.695964505341262
      vertex 43.5 10.975111325914526 3.6136893704375375
      vertex 46.5 10.975111325914526 3.6136893704375375
    endloop
  endfacet
  facet normal 1 0 0
    outer loop
      vertex 46.5 -3.490575115907106 2.808796120767269
      vertex 46.5 10.613525233991666 5.4539527064444435
      vertex 46.5 -3.6817378876637292 3.852912369271614
    endloop
  endfacet
  facet normal -1 0 0
    outer loop
      vertex 43.5 1.125155388407805 2.6339653201253164
      vertex 43.5 0.9323134951001322 3.6382877329143923
      vertex 43.5 8.647796962432906 5.085289767712389
    endloop
  endfacet
  facet normal 1 0 0
    outer loop
      vertex 46.5 -3.6817378876637292 3.852912369271614
      vertex 46.5 10.444646668367952 6.3763543475774505
      vertex 46.5 -3.8638903890298195 4.898638151655568
    endloop
  endfacet
  facet normal -1 0 0
    outer loop
      vertex 43.5 0.9323134951001322 3.6382877329143923
      vertex 43.5 0.7481388019210584 4.644235637647718
      vertex 43.5 8.475812584108056 6.024655117188072
    endloop
  endfacet
  facet normal -1 0 0
    outer loop
      vertex 43.5 1.125155388407805 2.6339653201253164
      vertex 43.5 8.647796962432906 5.085289767712389
      vertex 43.5 8.827874868702366 4.147442320705711
    endloop
  endfacet
  facet normal 1 0 0
    outer loop
      vertex 46.5 -3.490575115907106 2.808796120767269
      vertex 46.5 10.790351169041813 4.53304155644917
      vertex 46.5 10.613525233991666 5.4539527064444435
    endloop
  endfacet
  facet normal -1 0 0
    outer loop
      vertex 43.5 0.9323134951001322 3.6382877329143923
      vertex 43.5 8.475812584108056 6.024655117188072
      vertex 43.5 8.647796962432906 5.085289767712389
    endloop
  endfacet
  facet normal 1 0 0
    outer loop
      vertex 46.5 -3.6817378876637292 3.852912369271614
      vertex 46.5 10.613525233991666 5.4539527064444435
      vertex 46.5 10.444646668367952 6.3763543475774505
    endloop
  endfacet
  facet normal -1 0 0
    outer loop
      vertex 43.5 0.7481388019210584 4.644235637647718
      vertex 43.5 0.5726450028793977 5.651734238710219
      vertex 43.5 8.311934521345663 6.965468524154936
    endloop
  endfacet
  facet normal -1 0 0
    outer loop
      vertex 43.5 0.5726450028793977 5.651734238710219
      vertex 43.5 0.4058451465302113 6.660708625187329
      vertex 43.5 8.15617495903166 7.907660035967211
    endloop
  endfacet
  facet normal -1 0 0
    outer loop
      vertex 43.5 0.7481388019210584 4.644235637647718
      vertex 43.5 8.311934521345663 6.965468524154936
      vertex 43.5 8.475812584108056 6.024655117188072
    endloop
  endfacet
  facet normal 1 0 0
    outer loop
      vertex 46.5 -3.8638903890298195 4.898638151655568
      vertex 46.5 10.444646668367952 6.3763543475774505
      vertex 46.5 10.28372802886085 7.300177896179225
    endloop
  endfacet
  facet normal -1 0 0
    outer loop
      vertex 43.5 0.5726450028793977 5.651734238710219
      vertex 43.5 8.15617495903166 7.907660035967211
      vertex 43.5 8.311934521345663 6.965468524154936
    endloop
  endfacet
  facet normal 1 0 0
    outer loop
      vertex 46.5 -4.037019076353403 5.9458957146848626
      vertex 46.5 10.28372802886085 7.300177896179225
      vertex 46.5 10.130781280313258 8.225354662857193
    endloop
  endfacet
  facet normal -9.513918766794037e-20 -0.980397790211202 -0.19702835569783317
    outer loop
      vertex 43.5 9.016032913517563 3.211182508284672
      vertex 43.5 8.827874868702366 4.147442320705711
      vertex 42.5 8.827874868702366 4.147442320705711
    endloop
  endfacet
  facet normal -1 0 0
    outer loop
      vertex 42.5 9.016032913517563 3.211182508284672
      vertex 42.5 8.827874868702366 4.147442320705711
      vertex 42.5 9.318493943787232 4.243842129641571
    endloop
  endfacet
  facet normal 0 -0.9820602704531006 -0.18856729620372348
    outer loop
      vertex 43.5 8.827874868702366 4.147442320705711
      vertex 42.5 8.647796962432906 5.085289767712389
      vertex 42.5 8.827874868702366 4.147442320705711
    endloop
  endfacet
  facet normal -1 0 0
    outer loop
      vertex 42.5 8.827874868702366 4.147442320705711
      vertex 42.5 9.139229030322582 5.1774555023954
      vertex 42.5 9.318493943787232 4.243842129641571
    endloop
  endfacet
  facet normal -1.1257892100014946e-17 -0.9820602704531006 -0.18856729620372348
    outer loop
      vertex 43.5 8.827874868702366 4.147442320705711
      vertex 43.5 8.647796962432906 5.085289767712389
      vertex 42.5 8.647796962432906 5.085289767712389
    endloop
  endfacet
  facet normal -1 0 0
    outer loop
      vertex 42.5 8.827874868702366 4.147442320705711
      vertex 42.5 8.647796962432906 5.085289767712389
      vertex 42.5 9.139229030322582 5.1774555023954
    endloop
  endfacet
  facet normal 0 -0.9836497312059976 -0.18009221609600085
    outer loop
      vertex 43.5 8.647796962432906 5.085289767712389
      vertex 42.5 8.475812584108056 6.024655117188072
      vertex 42.5 8.647796962432906 5.085289767712389
    endloop
  endfacet
  facet normal -1 0 0
    outer loop
      vertex 42.5 8.647796962432906 5.085289767712389
      vertex 42.5 8.968021105173037 6.112579924785415
      vertex 42.5 9.139229030322582 5.1774555023954
    endloop
  endfacet
  facet normal -0.8320479148522022 0.5438303458563701 0.10929237080347061
    outer loop
      vertex 42.5 9.50580251661681 3.3118092238228876
      vertex 43.5 10.790351169041813 4.53304155644917
      vertex 43.5 10.975111325914526 3.6136893704375375
    endloop
  endfacet
  facet normal -0.8320479148522026 0.5438303458563692 0.10929237080347189
    outer loop
      vertex 42.5 9.50580251661681 3.3118092238228876
      vertex 42.5 9.318493943787232 4.243842129641571
      vertex 43.5 10.790351169041813 4.53304155644917
    endloop
  endfacet
  facet normal 0 0.9803977902112015 0.19702835569783553
    outer loop
      vertex 46.5 10.975111325914526 3.6136893704375375
      vertex 43.5 10.975111325914526 3.6136893704375375
      vertex 46.5 10.790351169041813 4.53304155644917
    endloop
  endfacet
  facet normal 4.423532045992474e-18 0.9803977902112015 0.19702835569783553
    outer loop
      vertex 43.5 10.975111325914526 3.6136893704375375
      vertex 43.5 10.790351169041813 4.53304155644917
      vertex 46.5 10.790351169041813 4.53304155644917
    endloop
  endfacet
  facet normal -0.8320479148522055 0.5447525299065095 0.10459898924250798
    outer loop
      vertex 42.5 9.318493943787232 4.243842129641571
      vertex 42.5 9.139229030322582 5.1774555023954
      vertex 43.5 10.613525233991666 5.4539527064444435
    endloop
  endfacet
  facet normal -0.8320479148522025 0.5447525299065159 0.10459898924249864
    outer loop
      vertex 42.5 9.318493943787232 4.243842129641571
      vertex 43.5 10.613525233991666 5.4539527064444435
      vertex 43.5 10.790351169041813 4.53304155644917
    endloop
  endfacet
  facet normal 0 0.9820602704531008 0.18856729620372253
    outer loop
      vertex 46.5 10.790351169041813 4.53304155644917
      vertex 43.5 10.790351169041813 4.53304155644917
      vertex 46.5 10.613525233991666 5.4539527064444435
    endloop
  endfacet
  facet normal -2.9115718172804528e-18 0.9820602704531008 0.18856729620372253
    outer loop
      vertex 43.5 10.790351169041813 4.53304155644917
      vertex 43.5 10.613525233991666 5.4539527064444435
      vertex 46.5 10.613525233991666 5.4539527064444435
    endloop
  endfacet
  facet normal -1.6099582444417121e-18 -0.9836497312059976 -0.18009221609600085
    outer loop
      vertex 43.5 8.647796962432906 5.085289767712389
      vertex 43.5 8.475812584108056 6.024655117188072
      vertex 42.5 8.475812584108056 6.024655117188072
    endloop
  endfacet
  facet normal -1 0 0
    outer loop
      vertex 42.5 8.647796962432906 5.085289767712389
      vertex 42.5 8.475812584108056 6.024655117188072
      vertex 42.5 8.968021105173037 6.112579924785415
    endloop
  endfacet
  facet normal 0 -0.9851660542881385 -0.17160374552538332
    outer loop
      vertex 43.5 8.475812584108056 6.024655117188072
      vertex 42.5 8.311934521345663 6.965468524154936
      vertex 42.5 8.475812584108056 6.024655117188072
    endloop
  endfacet
  facet normal -1 0 0
    outer loop
      vertex 42.5 8.475812584108056 6.024655117188072
      vertex 42.5 8.804882898224449 7.049145867161009
      vertex 42.5 8.968021105173037 6.112579924785415
    endloop
  endfacet
  facet normal -1.0762840718349177e-17 -0.9851660542881385 -0.17160374552538332
    outer loop
      vertex 43.5 8.475812584108056 6.024655117188072
      vertex 43.5 8.311934521345663 6.965468524154936
      vertex 42.5 8.311934521345663 6.965468524154936
    endloop
  endfacet
  facet normal -1 0 0
    outer loop
      vertex 42.5 8.475812584108056 6.024655117188072
      vertex 42.5 8.311934521345663 6.965468524154936
      vertex 42.5 8.804882898224449 7.049145867161009
    endloop
  endfacet
  facet normal 0 -0.9866091269557862 -0.16310251563829872
    outer loop
      vertex 43.5 8.311934521345663 6.965468524154936
      vertex 42.5 8.15617495903166 7.907660035967211
      vertex 42.5 8.311934521345663 6.965468524154936
    endloop
  endfacet
  facet normal -1 0 0
    outer loop
      vertex 42.5 8.311934521345663 6.965468524154936
      vertex 42.5 8.649826539352063 7.987083692689705
      vertex 42.5 8.804882898224449 7.049145867161009
    endloop
  endfacet
  facet normal -0.8320479148522034 0.5456342097711636 0.09989783039435053
    outer loop
      vertex 42.5 9.139229030322582 5.1774555023954
      vertex 42.5 8.968021105173037 6.112579924785415
      vertex 43.5 10.444646668367952 6.3763543475774505
    endloop
  endfacet
  facet normal -3.851179136438333e-18 0.9836497312059996 0.18009221609599013
    outer loop
      vertex 43.5 10.613525233991666 5.4539527064444435
      vertex 43.5 10.444646668367952 6.3763543475774505
      vertex 46.5 10.444646668367952 6.3763543475774505
    endloop
  endfacet
  facet normal -0.8320479148522055 0.545634209771159 0.09989783039435757
    outer loop
      vertex 42.5 9.139229030322582 5.1774555023954
      vertex 43.5 10.444646668367952 6.3763543475774505
      vertex 43.5 10.613525233991666 5.4539527064444435
    endloop
  endfacet
  facet normal 0 0.9836497312059996 0.18009221609599013
    outer loop
      vertex 46.5 10.613525233991666 5.4539527064444435
      vertex 43.5 10.613525233991666 5.4539527064444435
      vertex 46.5 10.444646668367952 6.3763543475774505
    endloop
  endfacet
  facet normal -0.8320479148522046 0.5464753198944399 0.09518924380605166
    outer loop
      vertex 42.5 8.968021105173037 6.112579924785415
      vertex 42.5 8.804882898224449 7.049145867161009
      vertex 43.5 10.28372802886085 7.300177896179225
    endloop
  endfacet
  facet normal 0 0.9851660542881363 0.17160374552539553
    outer loop
      vertex 46.5 10.444646668367952 6.3763543475774505
      vertex 43.5 10.444646668367952 6.3763543475774505
      vertex 46.5 10.28372802886085 7.300177896179225
    endloop
  endfacet
  facet normal 2.9089285445545126e-18 0.9851660542881363 0.17160374552539553
    outer loop
      vertex 43.5 10.444646668367952 6.3763543475774505
      vertex 43.5 10.28372802886085 7.300177896179225
      vertex 46.5 10.28372802886085 7.300177896179225
    endloop
  endfacet
  facet normal -0.8320479148522033 0.5464753198944428 0.09518924380604733
    outer loop
      vertex 42.5 8.968021105173037 6.112579924785415
      vertex 43.5 10.28372802886085 7.300177896179225
      vertex 43.5 10.444646668367952 6.3763543475774505
    endloop
  endfacet
  facet normal 0.7071034951626887 0.6907434892946914 0.15125501355559817
    outer loop
      vertex -42 0.07013163298056213 0.3159571223678661
      vertex -43.5 1.6748450450499117 0
      vertex -43.5 1.5367827782623635 0.6304955429838444
    endloop
  endfacet
  facet normal 0.7071034951626904 0.6920220453894597 0.14529327521841998
    outer loop
      vertex -42 -0.14265866589792608 1.3294629274200993
      vertex -43.5 1.5367827782623635 0.6304955429838444
      vertex -43.5 1.3266501433998172 1.6313430740347528
    endloop
  endfacet
  facet normal -1 0 0
    outer loop
      vertex -46.5 -3.0812762844933843 0.7257026341907817
      vertex -46.5 11.073065247994009 3.6338147138450765
      vertex -46.5 -2.9289116116354874 0
    endloop
  endfacet
  facet normal 1 0 0
    outer loop
      vertex -43.5 1.6748450450499117 0
      vertex -43.5 9.514125155143986 1.3655156744269874
      vertex -43.5 1.5367827782623635 0.6304955429838444
    endloop
  endfacet
  facet normal 1 0 0
    outer loop
      vertex -43.5 1.5367827782623635 0.6304955429838444
      vertex -43.5 9.310033851169848 2.297549172873481
      vertex -43.5 1.3266501433998172 1.6313430740347528
    endloop
  endfacet
  facet normal -1 0 0
    outer loop
      vertex -46.5 -3.0812762844933843 0.7257026341907817
      vertex -46.5 -3.290416287355967 1.7663670397025264
      vertex -46.5 10.888474985520958 4.552321518523637
    endloop
  endfacet
  facet normal -1 0 0
    outer loop
      vertex -46.5 -3.290416287355967 1.7663670397025264
      vertex -46.5 -3.490575115907106 2.808796120767269
      vertex -46.5 10.711811649034189 5.4723858536557195
    endloop
  endfacet
  facet normal 1 0 0
    outer loop
      vertex -43.5 1.3266501433998172 1.6313430740347528
      vertex -43.5 9.113986835597032 3.231307851692204
      vertex -43.5 1.125155388407805 2.6339653201253164
    endloop
  endfacet
  facet normal 1 0 0
    outer loop
      vertex -43.5 1.125155388407805 2.6339653201253164
      vertex -43.5 8.925998685181497 4.166722282780171
      vertex -43.5 0.9323134951001322 3.6382877329143923
    endloop
  endfacet
  facet normal -1 0 0
    outer loop
      vertex -46.5 -3.0812762844933843 0.7257026341907817
      vertex -46.5 10.888474985520958 4.552321518523637
      vertex -46.5 11.073065247994009 3.6338147138450765
    endloop
  endfacet
  facet normal -1 0 0
    outer loop
      vertex -46.5 -2.9289116116354874 0
      vertex -46.5 11.67425740145164 0.8883218137815163
      vertex -46.5 11.884893773530646 0
    endloop
  endfacet
  facet normal 1 0 0
    outer loop
      vertex -43.5 1.6748450450499117 0
      vertex -43.5 9.829457150122101 0
      vertex -43.5 9.726245572643535 0.43527665618269396
    endloop
  endfacet
  facet normal 1 0 0
    outer loop
      vertex -43.5 1.6748450450499117 0
      vertex -43.5 9.726245572643535 0.43527665618269396
      vertex -43.5 9.514125155143986 1.3655156744269874
    endloop
  endfacet
  facet normal -1 0 0
    outer loop
      vertex -46.5 -2.9289116116354874 0
      vertex -46.5 11.465971062894738 1.8017467512620158
      vertex -46.5 11.67425740145164 0.8883218137815163
    endloop
  endfacet
  facet normal 1 0 0
    outer loop
      vertex -43.5 1.5367827782623635 0.6304955429838444
      vertex -43.5 9.514125155143986 1.3655156744269874
      vertex -43.5 9.310033851169848 2.297549172873481
    endloop
  endfacet
  facet normal -1 0 0
    outer loop
      vertex -46.5 -2.9289116116354874 0
      vertex -46.5 11.265568711545583 2.7169337336947947
      vertex -46.5 11.465971062894738 1.8017467512620158
    endloop
  endfacet
  facet normal -6.225332668497333e-18 -0.9730202278165829 -0.230719821991447
    outer loop
      vertex -43.5 9.726245572643535 0.43527665618269396
      vertex -43.5 9.829457150122101 0
      vertex -42.5 9.829457150122101 0
    endloop
  endfacet
  facet normal 0 -0.9730202278165829 -0.230719821991447
    outer loop
      vertex -42.5 9.726245572643535 0.43527665618269396
      vertex -43.5 9.726245572643535 0.43527665618269396
      vertex -42.5 9.829457150122101 0
    endloop
  endfacet
  facet normal 1 0 0
    outer loop
      vertex -42.5 9.726245572643535 0.43527665618269396
      vertex -42.5 9.829457150122101 0
      vertex -42.5 10.343316305974241 0
    endloop
  endfacet
  facet normal 1 0 0
    outer loop
      vertex -42.5 9.726245572643535 0.43527665618269396
      vertex -42.5 10.343316305974241 0
      vertex -42.5 10.213248529845572 0.5485379455824031
    endloop
  endfacet
  facet normal 1 0 0
    outer loop
      vertex -42.5 9.726245572643535 0.43527665618269396
      vertex -42.5 10.213248529845572 0.5485379455824031
      vertex -42.5 9.514125155143986 1.3655156744269874
    endloop
  endfacet
  facet normal 0 -0.9749734957522516 -0.22232112490862013
    outer loop
      vertex -42.5 9.726245572643535 0.43527665618269396
      vertex -43.5 9.514125155143986 1.3655156744269874
      vertex -43.5 9.726245572643535 0.43527665618269396
    endloop
  endfacet
  facet normal 0.8320479148522045 0.5397379842163273 0.12798115401962187
    outer loop
      vertex -42.5 10.343316305974241 0
      vertex -43.5 11.884893773530646 0
      vertex -42.5 10.213248529845572 0.5485379455824031
    endloop
  endfacet
  facet normal 0 0.9730202278165877 0.23071982199142696
    outer loop
      vertex -43.5 11.884893773530646 0
      vertex -46.5 11.884893773530646 0
      vertex -43.5 11.67425740145164 0.8883218137815163
    endloop
  endfacet
  facet normal 0.8320479148522044 0.5397379842163275 0.1279811540196223
    outer loop
      vertex -42.5 10.213248529845572 0.5485379455824031
      vertex -43.5 11.884893773530646 0
      vertex -43.5 11.67425740145164 0.8883218137815163
    endloop
  endfacet
  facet normal -3.2071612913364773e-18 0.9730202278165877 0.23071982199142696
    outer loop
      vertex -46.5 11.884893773530646 0
      vertex -46.5 11.67425740145164 0.8883218137815163
      vertex -43.5 11.67425740145164 0.8883218137815163
    endloop
  endfacet
  facet normal 6.903299018618716e-18 -0.9749734957522516 -0.22232112490862013
    outer loop
      vertex -42.5 9.726245572643535 0.43527665618269396
      vertex -42.5 9.514125155143986 1.3655156744269874
      vertex -43.5 9.514125155143986 1.3655156744269874
    endloop
  endfacet
  facet normal 1 0 0
    outer loop
      vertex -42.5 9.514125155143986 1.3655156744269874
      vertex -42.5 10.213248529845572 0.5485379455824031
      vertex -42.5 10.00208663208167 1.4745734436357445
    endloop
  endfacet
  facet normal 0 -0.9768542711244856 -0.21390589750133115
    outer loop
      vertex -42.5 9.514125155143986 1.3655156744269874
      vertex -43.5 9.310033851169848 2.297549172873481
      vertex -43.5 9.514125155143986 1.3655156744269874
    endloop
  endfacet
  facet normal 1 0 0
    outer loop
      vertex -42.5 9.514125155143986 1.3655156744269874
      vertex -42.5 10.00208663208167 1.4745734436357445
      vertex -42.5 9.310033851169848 2.297549172873481
    endloop
  endfacet
  facet normal 0.8320479148522044 0.5408214692951455 0.12332236512303348
    outer loop
      vertex -42.5 10.213248529845572 0.5485379455824031
      vertex -43.5 11.67425740145164 0.8883218137815163
      vertex -42.5 10.00208663208167 1.4745734436357445
    endloop
  endfacet
  facet normal 0.8320479148522056 0.5408214692951446 0.12332236512302897
    outer loop
      vertex -43.5 11.67425740145164 0.8883218137815163
      vertex -43.5 11.465971062894738 1.8017467512620158
      vertex -42.5 10.00208663208167 1.4745734436357445
    endloop
  endfacet
  facet normal 0 0.9749734957522493 0.2223211249086303
    outer loop
      vertex -43.5 11.67425740145164 0.8883218137815163
      vertex -46.5 11.67425740145164 0.8883218137815163
      vertex -43.5 11.465971062894738 1.8017467512620158
    endloop
  endfacet
  facet normal -3.771407215402542e-18 0.9749734957522493 0.2223211249086303
    outer loop
      vertex -46.5 11.67425740145164 0.8883218137815163
      vertex -46.5 11.465971062894738 1.8017467512620158
      vertex -43.5 11.465971062894738 1.8017467512620158
    endloop
  endfacet
  facet normal -1 0 0
    outer loop
      vertex -46.5 -2.9289116116354874 0
      vertex -46.5 11.073065247994009 3.6338147138450765
      vertex -46.5 11.265568711545583 2.7169337336947947
    endloop
  endfacet
  facet normal 1 0 0
    outer loop
      vertex -43.5 1.3266501433998172 1.6313430740347528
      vertex -43.5 9.310033851169848 2.297549172873481
      vertex -43.5 9.113986835597032 3.231307851692204
    endloop
  endfacet
  facet normal 1 0 0
    outer loop
      vertex -43.5 1.125155388407805 2.6339653201253164
      vertex -43.5 9.113986835597032 3.231307851692204
      vertex -43.5 8.925998685181497 4.166722282780171
    endloop
  endfacet
  facet normal 0 -0.980397790211203 -0.1970283556978284
    outer loop
      vertex -42.5 9.113986835597032 3.231307851692204
      vertex -43.5 8.925998685181497 4.166722282780171
      vertex -43.5 9.113986835597032 3.231307851692204
    endloop
  endfacet
  facet normal 7.238433749995398e-18 -0.9768542711244856 -0.21390589750133115
    outer loop
      vertex -42.5 9.514125155143986 1.3655156744269874
      vertex -42.5 9.310033851169848 2.297549172873481
      vertex -43.5 9.310033851169848 2.297549172873481
    endloop
  endfacet
  facet normal 1 0 0
    outer loop
      vertex -42.5 10.00208663208167 1.4745734436357445
      vertex -42.5 9.798917566263768 2.4023953130788094
      vertex -42.5 9.310033851169848 2.297549172873481
    endloop
  endfacet
  facet normal 0.8320479148522056 0.5418647424760643 0.11865440679319557
    outer loop
      vertex -42.5 10.00208663208167 1.4745734436357445
      vertex -43.5 11.465971062894738 1.8017467512620158
      vertex -42.5 9.798917566263768 2.4023953130788094
    endloop
  endfacet
  facet normal 0 -0.9786624140913112 -0.20547476547003726
    outer loop
      vertex -42.5 9.310033851169848 2.297549172873481
      vertex -43.5 9.113986835597032 3.231307851692204
      vertex -43.5 9.310033851169848 2.297549172873481
    endloop
  endfacet
  facet normal 1 0 0
    outer loop
      vertex -42.5 9.310033851169848 2.297549172873481
      vertex -42.5 9.798917566263768 2.4023953130788094
      vertex -42.5 9.113986835597032 3.231307851692204
    endloop
  endfacet
  facet normal 0.8320479148522083 0.5418647424760624 0.1186544067931857
    outer loop
      vertex -43.5 11.465971062894738 1.8017467512620158
      vertex -43.5 11.265568711545583 2.7169337336947947
      vertex -42.5 9.798917566263768 2.4023953130788094
    endloop
  endfacet
  facet normal 0 0.9768542711244873 0.2139058975013238
    outer loop
      vertex -43.5 11.465971062894738 1.8017467512620158
      vertex -46.5 11.465971062894738 1.8017467512620158
      vertex -43.5 11.265568711545583 2.7169337336947947
    endloop
  endfacet
  facet normal 1.8499651460710942e-18 0.9768542711244873 0.2139058975013238
    outer loop
      vertex -46.5 11.465971062894738 1.8017467512620158
      vertex -46.5 11.265568711545583 2.7169337336947947
      vertex -43.5 11.265568711545583 2.7169337336947947
    endloop
  endfacet
  facet normal -1.1529267374133887e-17 -0.9786624140913112 -0.20547476547003726
    outer loop
      vertex -42.5 9.310033851169848 2.297549172873481
      vertex -42.5 9.113986835597032 3.231307851692204
      vertex -43.5 9.113986835597032 3.231307851692204
    endloop
  endfacet
  facet normal 1 0 0
    outer loop
      vertex -42.5 9.113986835597032 3.231307851692204
      vertex -42.5 9.798917566263768 2.4023953130788094
      vertex -42.5 9.60375643869628 3.331934567230423
    endloop
  endfacet
  facet normal 0.8320479148522084 0.5428677261882103 0.11397762610852452
    outer loop
      vertex -42.5 9.60375643869628 3.331934567230423
      vertex -42.5 9.798917566263768 2.4023953130788094
      vertex -43.5 11.265568711545583 2.7169337336947947
    endloop
  endfacet
  facet normal 1 0 0
    outer loop
      vertex -42.5 9.113986835597032 3.231307851692204
      vertex -42.5 9.60375643869628 3.331934567230423
      vertex -42.5 8.925998685181497 4.166722282780171
    endloop
  endfacet
  facet normal 0.8320479148522046 0.5438303458563668 0.10929237080346821
    outer loop
      vertex -42.5 9.60375643869628 3.331934567230423
      vertex -43.5 11.073065247994009 3.6338147138450765
      vertex -42.5 9.416617760266362 4.263122091716038
    endloop
  endfacet
  facet normal 0.8320479148522046 0.5428677261882131 0.11397762610853805
    outer loop
      vertex -42.5 9.60375643869628 3.331934567230423
      vertex -43.5 11.265568711545583 2.7169337336947947
      vertex -43.5 11.073065247994009 3.6338147138450765
    endloop
  endfacet
  facet normal 0 0.97866241409131 0.20547476547004295
    outer loop
      vertex -43.5 11.265568711545583 2.7169337336947947
      vertex -46.5 11.265568711545583 2.7169337336947947
      vertex -43.5 11.073065247994009 3.6338147138450765
    endloop
  endfacet
  facet normal 4.736358313341028e-18 0.97866241409131 0.20547476547004295
    outer loop
      vertex -46.5 11.265568711545583 2.7169337336947947
      vertex -46.5 11.073065247994009 3.6338147138450765
      vertex -43.5 11.073065247994009 3.6338147138450765
    endloop
  endfacet
  facet normal -1 0 0
    outer loop
      vertex -46.5 -3.490575115907106 2.808796120767269
      vertex -46.5 -3.6817378876637292 3.852912369271614
      vertex -46.5 10.543088374047855 6.393939309358959
    endloop
  endfacet
  facet normal 1 0 0
    outer loop
      vertex -43.5 0.9323134951001322 3.6382877329143923
      vertex -43.5 8.74608337747543 5.103722914923669
      vertex -43.5 0.7481388019210584 4.644235637647718
    endloop
  endfacet
  facet normal -1 0 0
    outer loop
      vertex -46.5 -3.6817378876637292 3.852912369271614
      vertex -46.5 -3.8638903890298195 4.898638151655568
      vertex -46.5 10.382317705705717 7.316913365029816
    endloop
  endfacet
  facet normal 1 0 0
    outer loop
      vertex -43.5 0.7481388019210584 4.644235637647718
      vertex -43.5 8.574254289787959 6.042240078969577
      vertex -43.5 0.5726450028793977 5.651734238710219
    endloop
  endfacet
  facet normal -1 0 0
    outer loop
      vertex -46.5 -3.290416287355967 1.7663670397025264
      vertex -46.5 10.711811649034189 5.4723858536557195
      vertex -46.5 10.888474985520958 4.552321518523637
    endloop
  endfacet
  facet normal 1 0 0
    outer loop
      vertex -43.5 0.9323134951001322 3.6382877329143923
      vertex -43.5 8.925998685181497 4.166722282780171
      vertex -43.5 8.74608337747543 5.103722914923669
    endloop
  endfacet
  facet normal -1 0 0
    outer loop
      vertex -46.5 -3.490575115907106 2.808796120767269
      vertex -46.5 10.543088374047855 6.393939309358959
      vertex -46.5 10.711811649034189 5.4723858536557195
    endloop
  endfacet
  facet normal 1 0 0
    outer loop
      vertex -43.5 0.7481388019210584 4.644235637647718
      vertex -43.5 8.74608337747543 5.103722914923669
      vertex -43.5 8.574254289787959 6.042240078969577
    endloop
  endfacet
  facet normal 1 0 0
    outer loop
      vertex -43.5 0.5726450028793977 5.651734238710219
      vertex -43.5 8.410524198190515 6.982203993005527
      vertex -43.5 0.4058451465302113 6.660708625187329
    endloop
  endfacet
  facet normal 1 0 0
    outer loop
      vertex -43.5 0.4058451465302113 6.660708625187329
      vertex -43.5 8.25490527656693 7.923544767548407
      vertex -43.5 0.24775163500466135 7.67108377643487
    endloop
  endfacet
  facet normal -1 0 0
    outer loop
      vertex -46.5 -3.6817378876637292 3.852912369271614
      vertex -46.5 10.382317705705717 7.316913365029816
      vertex -46.5 10.543088374047855 6.393939309358959
    endloop
  endfacet
  facet normal 1 0 0
    outer loop
      vertex -43.5 0.5726450028793977 5.651734238710219
      vertex -43.5 8.574254289787959 6.042240078969577
      vertex -43.5 8.410524198190515 6.982203993005527
    endloop
  endfacet
  facet normal -1 0 0
    outer loop
      vertex -46.5 -3.8638903890298195 4.898638151655568
      vertex -46.5 10.229511597848514 8.241239394438388
      vertex -46.5 10.382317705705717 7.316913365029816
    endloop
  endfacet
  facet normal 1 0 0
    outer loop
      vertex -43.5 0.4058451465302113 6.660708625187329
      vertex -43.5 8.410524198190515 6.982203993005527
      vertex -43.5 8.25490527656693 7.923544767548407
    endloop
  endfacet
  facet normal -8.303879411372192e-18 -0.980397790211203 -0.1970283556978284
    outer loop
      vertex -42.5 9.113986835597032 3.231307851692204
      vertex -42.5 8.925998685181497 4.166722282780171
      vertex -43.5 8.925998685181497 4.166722282780171
    endloop
  endfacet
  facet normal 0 -0.9820602704531016 -0.1885672962037182
    outer loop
      vertex -42.5 8.925998685181497 4.166722282780171
      vertex -43.5 8.74608337747543 5.103722914923669
      vertex -43.5 8.925998685181497 4.166722282780171
    endloop
  endfacet
  facet normal 1 0 0
    outer loop
      vertex -42.5 8.925998685181497 4.166722282780171
      vertex -42.5 9.416617760266362 4.263122091716038
      vertex -42.5 8.74608337747543 5.103722914923669
    endloop
  endfacet
  facet normal -2.9715956064290445e-18 -0.9820602704531016 -0.1885672962037182
    outer loop
      vertex -42.5 8.925998685181497 4.166722282780171
      vertex -42.5 8.74608337747543 5.103722914923669
      vertex -43.5 8.74608337747543 5.103722914923669
    endloop
  endfacet
  facet normal 0 -0.9836497312059994 -0.18009221609599096
    outer loop
      vertex -42.5 8.74608337747543 5.103722914923669
      vertex -43.5 8.574254289787959 6.042240078969577
      vertex -43.5 8.74608337747543 5.103722914923669
    endloop
  endfacet
  facet normal 1 0 0
    outer loop
      vertex -42.5 8.74608337747543 5.103722914923669
      vertex -42.5 9.237515445365105 5.19588864960668
      vertex -42.5 8.574254289787959 6.042240078969577
    endloop
  endfacet
  facet normal 1 0 0
    outer loop
      vertex -42.5 9.60375643869628 3.331934567230423
      vertex -42.5 9.416617760266362 4.263122091716038
      vertex -42.5 8.925998685181497 4.166722282780171
    endloop
  endfacet
  facet normal 0.832047914852205 0.5438303458563666 0.10929237080346707
    outer loop
      vertex -43.5 11.073065247994009 3.6338147138450765
      vertex -43.5 10.888474985520958 4.552321518523637
      vertex -42.5 9.416617760266362 4.263122091716038
    endloop
  endfacet
  facet normal 0.832047914852205 0.5447525299065108 0.104598989242506
    outer loop
      vertex -42.5 9.416617760266362 4.263122091716038
      vertex -43.5 10.888474985520958 4.552321518523637
      vertex -42.5 9.237515445365105 5.19588864960668
    endloop
  endfacet
  facet normal 0 0.9803977902112025 0.19702835569783067
    outer loop
      vertex -43.5 11.073065247994009 3.6338147138450765
      vertex -46.5 11.073065247994009 3.6338147138450765
      vertex -43.5 10.888474985520958 4.552321518523637
    endloop
  endfacet
  facet normal 4.4237247460850964e-18 0.9803977902112025 0.19702835569783067
    outer loop
      vertex -46.5 11.073065247994009 3.6338147138450765
      vertex -46.5 10.888474985520958 4.552321518523637
      vertex -43.5 10.888474985520958 4.552321518523637
    endloop
  endfacet
  facet normal 1 0 0
    outer loop
      vertex -42.5 9.416617760266362 4.263122091716038
      vertex -42.5 9.237515445365105 5.19588864960668
      vertex -42.5 8.74608337747543 5.103722914923669
    endloop
  endfacet
  facet normal 0.8320479148522055 0.5447525299065105 0.10459898924250415
    outer loop
      vertex -42.5 9.237515445365105 5.19588864960668
      vertex -43.5 10.888474985520958 4.552321518523637
      vertex -43.5 10.711811649034189 5.4723858536557195
    endloop
  endfacet
  facet normal 0.8320479148522055 0.5456342097711601 0.09989783039435211
    outer loop
      vertex -42.5 9.237515445365105 5.19588864960668
      vertex -43.5 10.711811649034189 5.4723858536557195
      vertex -42.5 9.066462810852926 6.130164886566924
    endloop
  endfacet
  facet normal 0 0.9820602704530986 0.18856729620373391
    outer loop
      vertex -43.5 10.888474985520958 4.552321518523637
      vertex -46.5 10.888474985520958 4.552321518523637
      vertex -43.5 10.711811649034189 5.4723858536557195
    endloop
  endfacet
  facet normal -3.8896113307482914e-18 0.9820602704530986 0.18856729620373391
    outer loop
      vertex -46.5 10.888474985520958 4.552321518523637
      vertex -46.5 10.711811649034189 5.4723858536557195
      vertex -43.5 10.711811649034189 5.4723858536557195
    endloop
  endfacet
  facet normal 1.3775615721446952e-17 -0.9836497312059994 -0.18009221609599096
    outer loop
      vertex -42.5 8.74608337747543 5.103722914923669
      vertex -42.5 8.574254289787959 6.042240078969577
      vertex -43.5 8.574254289787959 6.042240078969577
    endloop
  endfacet
  facet normal 1 0 0
    outer loop
      vertex -42.5 9.237515445365105 5.19588864960668
      vertex -42.5 9.066462810852926 6.130164886566924
      vertex -42.5 8.574254289787959 6.042240078969577
    endloop
  endfacet
  facet normal 0 -0.9851660542881349 -0.17160374552540458
    outer loop
      vertex -42.5 8.574254289787959 6.042240078969577
      vertex -43.5 8.410524198190515 6.982203993005527
      vertex -43.5 8.574254289787959 6.042240078969577
    endloop
  endfacet
  facet normal 1 0 0
    outer loop
      vertex -42.5 8.574254289787959 6.042240078969577
      vertex -42.5 9.066462810852926 6.130164886566924
      vertex -42.5 8.410524198190515 6.982203993005527
    endloop
  endfacet
  facet normal -1.1825000263118956e-17 -0.9851660542881349 -0.17160374552540458
    outer loop
      vertex -42.5 8.574254289787959 6.042240078969577
      vertex -42.5 8.410524198190515 6.982203993005527
      vertex -43.5 8.410524198190515 6.982203993005527
    endloop
  endfacet
  facet normal 1 0 0
    outer loop
      vertex -42.5 9.066462810852926 6.130164886566924
      vertex -42.5 8.90347257506933 7.0658813360116
      vertex -42.5 8.410524198190515 6.982203993005527
    endloop
  endfacet
  facet normal 0 -0.9866091269557865 -0.1631025156382965
    outer loop
      vertex -42.5 8.410524198190515 6.982203993005527
      vertex -43.5 8.25490527656693 7.923544767548407
      vertex -43.5 8.410524198190515 6.982203993005527
    endloop
  endfacet
  facet normal 1 0 0
    outer loop
      vertex -42.5 8.410524198190515 6.982203993005527
      vertex -42.5 8.90347257506933 7.0658813360116
      vertex -42.5 8.25490527656693 7.923544767548407
    endloop
  endfacet
  facet normal 0.8320479148522057 0.5456342097711598 0.09989783039435121
    outer loop
      vertex -43.5 10.711811649034189 5.4723858536557195
      vertex -43.5 10.543088374047855 6.393939309358959
      vertex -42.5 9.066462810852926 6.130164886566924
    endloop
  endfacet
  facet normal 0.8320479148522056 0.5464753198944405 0.09518924380603945
    outer loop
      vertex -42.5 9.066462810852926 6.130164886566924
      vertex -43.5 10.543088374047855 6.393939309358959
      vertex -42.5 8.90347257506933 7.0658813360116
    endloop
  endfacet
  facet normal 0 0.9836497312060016 0.18009221609597872
    outer loop
      vertex -43.5 10.711811649034189 5.4723858536557195
      vertex -46.5 10.711811649034189 5.4723858536557195
      vertex -43.5 10.543088374047855 6.393939309358959
    endloop
  endfacet
  facet normal 3.675529288401915e-18 0.9836497312060016 0.18009221609597872
    outer loop
      vertex -46.5 10.711811649034189 5.4723858536557195
      vertex -46.5 10.543088374047855 6.393939309358959
      vertex -43.5 10.543088374047855 6.393939309358959
    endloop
  endfacet
  facet normal 0.8320479148522023 0.5464753198944434 0.09518924380605176
    outer loop
      vertex -42.5 8.90347257506933 7.0658813360116
      vertex -43.5 10.543088374047855 6.393939309358959
      vertex -43.5 10.382317705705717 7.316913365029816
    endloop
  endfacet
  facet normal 0 0.985166054288135 0.17160374552540308
    outer loop
      vertex -43.5 10.543088374047855 6.393939309358959
      vertex -46.5 10.543088374047855 6.393939309358959
      vertex -43.5 10.382317705705717 7.316913365029816
    endloop
  endfacet
  facet normal -2.945733763900559e-18 0.985166054288135 0.17160374552540308
    outer loop
      vertex -46.5 10.543088374047855 6.393939309358959
      vertex -46.5 10.382317705705717 7.316913365029816
      vertex -43.5 10.382317705705717 7.316913365029816
    endloop
  endfacet
  facet normal 0.8320479148522024 0.5472757977369882 0.09047357957683268
    outer loop
      vertex -42.5 8.90347257506933 7.0658813360116
      vertex -43.5 10.382317705705717 7.316913365029816
      vertex -42.5 8.748556856887333 8.002968424270904
    endloop
  endfacet
  facet normal 0 -0.9927221697306694 -0.12042713035372142
    outer loop
      vertex 46.5 -4.6390483152156605 10.148684843952873
      vertex 46.5 -4.7668782932800156 11.202431228243006
      vertex 25 -4.6390483152156605 10.148684843952873
    endloop
  endfacet
  facet normal 0 -0.9927221697306694 -0.12042713035372142
    outer loop
      vertex 46.5 -4.7668782932800156 11.202431228243006
      vertex 25 -4.7668782932800156 11.202431228243006
      vertex 25 -4.6390483152156605 10.148684843952873
    endloop
  endfacet
  facet normal 0 -0.9904977967782103 -0.13752859549021632
    outer loop
      vertex 46.5 -4.356154189976792 8.04469460606693
      vertex 46.5 -4.5021368875059835 9.096079881652695
      vertex 25 -4.356154189976792 8.04469460606693
    endloop
  endfacet
  facet normal 0 -0.9892750973127633 -0.14606430719660052
    outer loop
      vertex 46.5 -4.356154189976792 8.04469460606693
      vertex 25 -4.356154189976792 8.04469460606693
      vertex 25 -4.201111076933373 6.9946071912322125
    endloop
  endfacet
  facet normal 0 -0.9904977967782103 -0.13752859549021632
    outer loop
      vertex 46.5 -4.5021368875059835 9.096079881652695
      vertex 25 -4.5021368875059835 9.096079881652695
      vertex 25 -4.356154189976792 8.04469460606693
    endloop
  endfacet
  facet normal -0.7071034951626878 0.6995263805353021 0.10328354207660953
    outer loop
      vertex 42 -1.2352026023080072 7.445591581367317
      vertex 42 -1.3864672479336946 8.470087913793698
      vertex 43.5 0.09837622308785399 8.682784567657084
    endloop
  endfacet
  facet normal -0.7071034951626861 0.6995263805353042 0.10328354207660527
    outer loop
      vertex 42 -1.2352026023080072 7.445591581367317
      vertex 43.5 0.09837622308785399 8.682784567657084
      vertex 43.5 0.24775163500466135 7.67108377643487
    endloop
  endfacet
  facet normal 1 0 0
    outer loop
      vertex 46.5 -4.201111076933373 6.9946071912322125
      vertex 46.5 9.985817794831078 9.151815857602468
      vertex 46.5 -4.356154189976792 8.04469460606693
    endloop
  endfacet
  facet normal -0.7071034951626823 0.7003909636364817 0.0972478543983327
    outer loop
      vertex 42 -1.3864672479336946 8.470087913793698
      vertex 42 -1.5288922842721178 9.495850477545844
      vertex 43.5 -0.04226998265521331 9.695735775492414
    endloop
  endfacet
  facet normal -0.7071034951626877 0.7003909636364739 0.09724785439834772
    outer loop
      vertex 42 -1.3864672479336946 8.470087913793698
      vertex 43.5 -0.04226998265521331 9.695735775492414
      vertex 43.5 0.09837622308785399 8.682784567657084
    endloop
  endfacet
  facet normal 1 0 0
    outer loop
      vertex 46.5 -4.356154189976792 8.04469460606693
      vertex 46.5 9.848848350937757 10.079492594904607
      vertex 46.5 -4.5021368875059835 9.096079881652695
    endloop
  endfacet
  facet normal 0 -0.9916468493961571 -0.12898265806950776
    outer loop
      vertex 46.5 -4.5021368875059835 9.096079881652695
      vertex 46.5 -4.6390483152156605 10.148684843952873
      vertex 25 -4.5021368875059835 9.096079881652695
    endloop
  endfacet
  facet normal 0 -0.9916468493961571 -0.12898265806950776
    outer loop
      vertex 46.5 -4.6390483152156605 10.148684843952873
      vertex 25 -4.6390483152156605 10.148684843952873
      vertex 25 -4.5021368875059835 9.096079881652695
    endloop
  endfacet
  facet normal -0.7071034951626821 0.7012034703103679 0.09120493601453572
    outer loop
      vertex 42 -1.5288922842721178 9.495850477545844
      vertex 43.5 -0.17417652470537348 10.709862083606613
      vertex 43.5 -0.04226998265521331 9.695735775492414
    endloop
  endfacet
  facet normal -0.7071034951626836 0.701203470310366 0.09120493601453963
    outer loop
      vertex 42 -1.5288922842721178 9.495850477545844
      vertex 42 -1.6624671215421216 10.522803003722032
      vertex 43.5 -0.17417652470537348 10.709862083606613
    endloop
  endfacet
  facet normal 1 0 0
    outer loop
      vertex 46.5 -4.5021368875059835 9.096079881652695
      vertex 46.5 9.719883132772793 11.00831589887348
      vertex 46.5 -4.6390483152156605 10.148684843952873
    endloop
  endfacet
  facet normal -0.7071034951626837 0.7019638401443616 0.08515523623652209
    outer loop
      vertex 42 -1.6624671215421216 10.522803003722032
      vertex 43.5 -0.29733359536692205 11.72508808829278
      vertex 43.5 -0.17417652470537348 10.709862083606613
    endloop
  endfacet
  facet normal 1 0 0
    outer loop
      vertex 46.5 -4.6390483152156605 10.148684843952873
      vertex 46.5 9.598931729334552 11.938216708367857
      vertex 46.5 -4.7668782932800156 11.202431228243006
    endloop
  endfacet
  facet normal 0 0.9892750973127611 0.14606430719661498
    outer loop
      vertex 42 -1.2352026023080072 7.445591581367317
      vertex -42 -1.2352026023080072 7.445591581367317
      vertex 42 -1.3864672479336946 8.470087913793698
    endloop
  endfacet
  facet normal 0 0.9904977967782117 0.13752859549020544
    outer loop
      vertex 42 -1.3864672479336946 8.470087913793698
      vertex -42 -1.3864672479336946 8.470087913793698
      vertex 42 -1.5288922842721178 9.495850477545844
    endloop
  endfacet
  facet normal 0 0.9916468493961567 0.12898265806951079
    outer loop
      vertex 42 -1.5288922842721178 9.495850477545844
      vertex -42 -1.5288922842721178 9.495850477545844
      vertex 42 -1.6624671215421216 10.522803003722032
    endloop
  endfacet
  facet normal 0 0.9927221697306695 0.12042713035371991
    outer loop
      vertex 42 -1.6624671215421216 10.522803003722032
      vertex -42 -1.6624671215421216 10.522803003722032
      vertex 42 -1.7871818280046199 11.550869134942857
    endloop
  endfacet
  facet normal 0 -0.993723677828062 -0.11186264847512865
    outer loop
      vertex 46.5 -4.7668782932800156 11.202431228243006
      vertex 46.5 -4.885617317109578 12.257240684930068
      vertex 25 -4.7668782932800156 11.202431228243006
    endloop
  endfacet
  facet normal -2.7139785309571334e-19 -0.9946512992228254 -0.10328984923188628
    outer loop
      vertex 46.5 -4.885617317109578 12.257240684930068
      vertex 46.5 -4.995256558058031 13.313034785378019
      vertex 25.016877193247677 -4.995256558058031 13.313034785378019
    endloop
  endfacet
  facet normal 0 -0.993723677828062 -0.11186264847512865
    outer loop
      vertex 46.5 -4.885617317109578 12.257240684930068
      vertex 25 -4.885617317109578 12.257240684930068
      vertex 25 -4.7668782932800156 11.202431228243006
    endloop
  endfacet
  facet normal 0 -0.9946512992228252 -0.10328984923188617
    outer loop
      vertex 46.5 -4.885617317109578 12.257240684930068
      vertex 25 -4.951375855588921 12.890476343805265
      vertex 25 -4.885617317109578 12.257240684930068
    endloop
  endfacet
  facet normal -6.6695682730106204e-18 -0.9946512992228251 -0.10328984923188639
    outer loop
      vertex 46.5 -4.885617317109578 12.257240684930068
      vertex 25.016877193247677 -4.995256558058031 13.313034785378019
      vertex 25 -4.951375855588921 12.890476343805265
    endloop
  endfacet
  facet normal 1.6175798459971927e-19 -0.9955049649431938 -0.09470937004040474
    outer loop
      vertex 46.5 -4.995256558058031 13.313034785378019
      vertex 46.5 -5.095787864078474 14.369735027739242
      vertex 25.055543080156458 -5.095787864078474 14.369735027739242
    endloop
  endfacet
  facet normal 9.836949867101689e-20 -0.9962846115162413 -0.08612184888825974
    outer loop
      vertex 46.5 -5.095787864078474 14.369735027739242
      vertex 46.5 -5.150269870598676 15
      vertex 25.07649769803683 -5.150269870598676 15
    endloop
  endfacet
  facet normal 0 -0.9955049649431938 -0.09470937004040474
    outer loop
      vertex 46.5 -4.995256558058031 13.313034785378019
      vertex 25.055543080156458 -5.095787864078474 14.369735027739242
      vertex 25.016877193247677 -4.995256558058031 13.313034785378019
    endloop
  endfacet
  facet normal 0 -0.9962846115162413 -0.08612184888825974
    outer loop
      vertex 46.5 -5.095787864078474 14.369735027739242
      vertex 25.07649769803683 -5.150269870598676 15
      vertex 25.055543080156458 -5.095787864078474 14.369735027739242
    endloop
  endfacet
  facet normal -0.7071034951626888 0.7019638401443548 0.08515523623653626
    outer loop
      vertex 42 -1.6624671215421216 10.522803003722032
      vertex 42 -1.7871818280046199 11.550869134942857
      vertex 43.5 -0.29733359536692205 11.72508808829278
    endloop
  endfacet
  facet normal -0.7071034951626887 0.7026720166023964 0.07909920487989054
    outer loop
      vertex 42 -1.7871818280046199 11.550869134942857
      vertex 43.5 -0.4117320374968614 12.74133830407786
      vertex 43.5 -0.29733359536692205 11.72508808829278
    endloop
  endfacet
  facet normal 1 0 0
    outer loop
      vertex 46.5 -4.7668782932800156 11.202431228243006
      vertex 46.5 9.486003133767284 12.869125882130367
      vertex 46.5 -4.885617317109578 12.257240684930068
    endloop
  endfacet
  facet normal -0.7071034951626881 0.7026720166023973 0.07909920487988878
    outer loop
      vertex 42 -1.7871818280046199 11.550869134942857
      vertex 42 -1.9030271307011049 12.57997243102859
      vertex 43.5 -0.4117320374968614 12.74133830407786
    endloop
  endfacet
  facet normal -0.7071034951626881 0.7033279470291817 0.07303729223093491
    outer loop
      vertex 42 -1.9030271307011049 12.57997243102859
      vertex 43.5 -0.5173633451856716 13.758537169335241
      vertex 43.5 -0.4117320374968614 12.74133830407786
    endloop
  endfacet
  facet normal 1 0 0
    outer loop
      vertex 46.5 -4.885617317109578 12.257240684930068
      vertex 46.5 9.381105742692469 13.80097420392833
      vertex 46.5 -4.995256558058031 13.313034785378019
    endloop
  endfacet
  facet normal -0.7071034951626847 0.7033279470291862 0.07303729223092507
    outer loop
      vertex 42 -1.9030271307011049 12.57997243102859
      vertex 42 -2.0099944161431154 13.610036374682835
      vertex 43.5 -0.5173633451856716 13.758537169335241
    endloop
  endfacet
  facet normal -0.7071034951626847 0.7039315826540788 0.06696994901326463
    outer loop
      vertex 42 -2.0099944161431154 13.610036374682835
      vertex 43.5 -0.6142196643897933 14.776609051903073
      vertex 43.5 -0.5173633451856716 13.758537169335241
    endloop
  endfacet
  facet normal -0.707103495162693 0.7039315826540681 0.06696994901328834
    outer loop
      vertex 42 -2.0099944161431154 13.610036374682835
      vertex 42 -2.108075730952706 14.640984377181796
      vertex 43.5 -0.6142196643897933 14.776609051903073
    endloop
  endfacet
  facet normal -0.7071034951626927 0.7044828785947254 0.060897626354344314
    outer loop
      vertex 42 -2.108075730952706 14.640984377181796
      vertex 42 -2.1391101249998217 15
      vertex 43.5 -0.6335302522003686 15
    endloop
  endfacet
  facet normal -0.707103495162693 0.7044828785947246 0.06089762635434814
    outer loop
      vertex 42 -2.108075730952706 14.640984377181796
      vertex 43.5 -0.6335302522003686 15
      vertex 43.5 -0.6142196643897933 14.776609051903073
    endloop
  endfacet
  facet normal 1 0 0
    outer loop
      vertex 46.5 -4.995256558058031 13.313034785378019
      vertex 46.5 9.284247355584426 14.733692387700264
      vertex 46.5 -5.095787864078474 14.369735027739242
    endloop
  endfacet
  facet normal 1 0 0
    outer loop
      vertex 46.5 -5.095787864078474 14.369735027739242
      vertex 46.5 9.284247355584426 14.733692387700264
      vertex 46.5 -5.150269870598676 15
    endloop
  endfacet
  facet normal 0 0.9946512992228267 0.10328984923187227
    outer loop
      vertex 42 -1.9030271307011049 12.57997243102859
      vertex -42 -1.9030271307011049 12.57997243102859
      vertex 42 -2.0099944161431154 13.610036374682835
    endloop
  endfacet
  facet normal 0 0.9937236778280597 0.11186264847514935
    outer loop
      vertex 42 -1.7871818280046199 11.550869134942857
      vertex -42 -1.7871818280046199 11.550869134942857
      vertex 42 -1.9030271307011049 12.57997243102859
    endloop
  endfacet
  facet normal 0 0.9955049649431926 0.0947093700404177
    outer loop
      vertex 42 -2.0099944161431154 13.610036374682835
      vertex -42 -2.0099944161431154 13.610036374682835
      vertex 42 -2.108075730952706 14.640984377181796
    endloop
  endfacet
  facet normal 0 0.9962846115162416 0.08612184888825689
    outer loop
      vertex 42 -2.108075730952706 14.640984377181796
      vertex -42 -2.108075730952706 14.640984377181796
      vertex 42 -2.1391101249998217 15
    endloop
  endfacet
  facet normal 0 -0.9927221697306694 -0.12042713035372142
    outer loop
      vertex -46.5 -4.6390483152156605 10.148684843952873
      vertex 15 -4.6390483152156605 10.148684843952873
      vertex 15 -4.7668782932800156 11.202431228243006
    endloop
  endfacet
  facet normal -8.932060828222886e-20 -0.9927221697306694 -0.12042713035372142
    outer loop
      vertex -46.5 -4.6390483152156605 10.148684843952873
      vertex 15 -4.7668782932800156 11.202431228243006
      vertex -46.5 -4.7668782932800156 11.202431228243006
    endloop
  endfacet
  facet normal 0 -0.9904977967782101 -0.13752859549021632
    outer loop
      vertex -46.5 -4.356154189976792 8.04469460606693
      vertex 15 -4.356154189976792 8.04469460606693
      vertex 15 -4.5021368875059835 9.096079881652695
    endloop
  endfacet
  facet normal 3.6099856011062826e-20 0.9892750973127611 0.14606430719661498
    outer loop
      vertex -42 -1.2352026023080072 7.445591581367317
      vertex -42 -1.3864672479336946 8.470087913793698
      vertex 42 -1.3864672479336946 8.470087913793698
    endloop
  endfacet
  facet normal 0 0.9904977967782117 0.13752859549020544
    outer loop
      vertex 42 -1.5288922842721178 9.495850477545844
      vertex -42 -1.3864672479336946 8.470087913793698
      vertex -42 -1.5288922842721178 9.495850477545844
    endloop
  endfacet
  facet normal 0 -0.9916468493961571 -0.12898265806950773
    outer loop
      vertex -46.5 -4.5021368875059835 9.096079881652695
      vertex 15 -4.5021368875059835 9.096079881652695
      vertex 15 -4.6390483152156605 10.148684843952873
    endloop
  endfacet
  facet normal 0 0.9916468493961567 0.12898265806951079
    outer loop
      vertex 42 -1.6624671215421216 10.522803003722032
      vertex -42 -1.5288922842721178 9.495850477545844
      vertex -42 -1.6624671215421216 10.522803003722032
    endloop
  endfacet
  facet normal 0 0.9927221697306695 0.12042713035371991
    outer loop
      vertex 42 -1.7871818280046199 11.550869134942857
      vertex -42 -1.6624671215421216 10.522803003722032
      vertex -42 -1.7871818280046199 11.550869134942857
    endloop
  endfacet
  facet normal -9.513952181270012e-20 -0.9892750973127632 -0.1460643071966005
    outer loop
      vertex -46.5 -4.201111076933373 6.9946071912322125
      vertex 15 -4.356154189976792 8.04469460606693
      vertex -46.5 -4.356154189976792 8.04469460606693
    endloop
  endfacet
  facet normal -3.789602063391619e-20 -0.9904977967782101 -0.13752859549021632
    outer loop
      vertex -46.5 -4.356154189976792 8.04469460606693
      vertex 15 -4.5021368875059835 9.096079881652695
      vertex -46.5 -4.5021368875059835 9.096079881652695
    endloop
  endfacet
  facet normal 0.7071034951626861 0.6995263805353035 0.10328354207660974
    outer loop
      vertex -42 -1.2352026023080072 7.445591581367317
      vertex -43.5 0.24775163500466135 7.67108377643487
      vertex -42 -1.3864672479336946 8.470087913793698
    endloop
  endfacet
  facet normal 0.7071034951626877 0.6995263805353027 0.10328354207660503
    outer loop
      vertex -42 -1.3864672479336946 8.470087913793698
      vertex -43.5 0.24775163500466135 7.67108377643487
      vertex -43.5 0.09837622308785399 8.682784567657084
    endloop
  endfacet
  facet normal -1 0 0
    outer loop
      vertex -46.5 -4.201111076933373 6.9946071912322125
      vertex -46.5 -4.356154189976792 8.04469460606693
      vertex -46.5 9.94783791714758 10.093672372040128
    endloop
  endfacet
  facet normal 0.7071034951626878 0.7003909636364762 0.09724785439833196
    outer loop
      vertex -42 -1.3864672479336946 8.470087913793698
      vertex -43.5 0.09837622308785399 8.682784567657084
      vertex -42 -1.5288922842721178 9.495850477545844
    endloop
  endfacet
  facet normal 0.7071034951626822 0.7003909636364796 0.0972478543983485
    outer loop
      vertex -42 -1.5288922842721178 9.495850477545844
      vertex -43.5 0.09837622308785399 8.682784567657084
      vertex -43.5 -0.04226998265521331 9.695735775492414
    endloop
  endfacet
  facet normal -1.9574343186169326e-19 -0.9916468493961571 -0.12898265806950773
    outer loop
      vertex -46.5 -4.5021368875059835 9.096079881652695
      vertex 15 -4.6390483152156605 10.148684843952873
      vertex -46.5 -4.6390483152156605 10.148684843952873
    endloop
  endfacet
  facet normal 0.7071034951626822 0.7012034703103673 0.09120493601453983
    outer loop
      vertex -42 -1.5288922842721178 9.495850477545844
      vertex -43.5 -0.04226998265521331 9.695735775492414
      vertex -42 -1.6624671215421216 10.522803003722032
    endloop
  endfacet
  facet normal 0.7071034951626837 0.7012034703103667 0.09120493601453555
    outer loop
      vertex -42 -1.6624671215421216 10.522803003722032
      vertex -43.5 -0.04226998265521331 9.695735775492414
      vertex -43.5 -0.17417652470537348 10.709862083606613
    endloop
  endfacet
  facet normal -1 0 0
    outer loop
      vertex -46.5 -4.356154189976792 8.04469460606693
      vertex -46.5 -4.5021368875059835 9.096079881652695
      vertex -46.5 9.81899128769075 11.02164158560182
    endloop
  endfacet
  facet normal 0.7071034951626837 0.7019638401443599 0.08515523623653688
    outer loop
      vertex -42 -1.6624671215421216 10.522803003722032
      vertex -43.5 -0.17417652470537348 10.709862083606613
      vertex -42 -1.7871818280046199 11.550869134942857
    endloop
  endfacet
  facet normal -1 0 0
    outer loop
      vertex -46.5 -4.5021368875059835 9.096079881652695
      vertex -46.5 -4.6390483152156605 10.148684843952873
      vertex -46.5 9.698151103935487 11.95068731387932
    endloop
  endfacet
  facet normal 0 -0.9937236778280619 -0.11186264847512867
    outer loop
      vertex -46.5 -4.7668782932800156 11.202431228243006
      vertex 15 -4.7668782932800156 11.202431228243006
      vertex 15 -4.885617317109578 12.257240684930068
    endloop
  endfacet
  facet normal 0 -0.9946512992228251 -0.10328984923188615
    outer loop
      vertex -46.5 -4.885617317109578 12.257240684930068
      vertex 15 -4.885617317109578 12.257240684930068
      vertex 15 -4.951375855588921 12.890476343805265
    endloop
  endfacet
  facet normal 0 -0.9946512992228252 -0.1032898492318864
    outer loop
      vertex -46.5 -4.995256558058031 13.313034785378019
      vertex 15 -4.951375855588921 12.890476343805265
      vertex 14.983122806752323 -4.995256558058031 13.313034785378019
    endloop
  endfacet
  facet normal 0 -0.9955049649431937 -0.09470937004040472
    outer loop
      vertex -46.5 -4.995256558058031 13.313034785378019
      vertex 14.983122806752323 -4.995256558058031 13.313034785378019
      vertex 14.944456919843544 -5.095787864078474 14.369735027739242
    endloop
  endfacet
  facet normal 0 -0.9962846115162413 -0.08612184888825973
    outer loop
      vertex -46.5 -5.095787864078474 14.369735027739242
      vertex 14.944456919843544 -5.095787864078474 14.369735027739242
      vertex 14.923502301963168 -5.150269870598676 15
    endloop
  endfacet
  facet normal 1.6451313277217888e-19 -0.9937236778280619 -0.11186264847512867
    outer loop
      vertex -46.5 -4.7668782932800156 11.202431228243006
      vertex 15 -4.885617317109578 12.257240684930068
      vertex -46.5 -4.885617317109578 12.257240684930068
    endloop
  endfacet
  facet normal 8.958983454094037e-19 -0.9946512992228252 -0.10328984923188626
    outer loop
      vertex -46.5 -4.885617317109578 12.257240684930068
      vertex 15 -4.951375855588921 12.890476343805265
      vertex -46.5 -4.995256558058031 13.313034785378019
    endloop
  endfacet
  facet normal 5.645443553540694e-20 -0.995504964943194 -0.09470937004040475
    outer loop
      vertex -46.5 -4.995256558058031 13.313034785378019
      vertex 14.944456919843544 -5.095787864078474 14.369735027739242
      vertex -46.5 -5.095787864078474 14.369735027739242
    endloop
  endfacet
  facet normal 3.4309655135932185e-20 -0.9962846115162413 -0.08612184888825973
    outer loop
      vertex -46.5 -5.095787864078474 14.369735027739242
      vertex 14.923502301963168 -5.150269870598676 15
      vertex -46.5 -5.150269870598676 15
    endloop
  endfacet
  facet normal 0 0.9937236778280597 0.11186264847514935
    outer loop
      vertex 42 -1.9030271307011049 12.57997243102859
      vertex -42 -1.7871818280046199 11.550869134942857
      vertex -42 -1.9030271307011049 12.57997243102859
    endloop
  endfacet
  facet normal 0 0.9946512992228267 0.10328984923187227
    outer loop
      vertex 42 -2.0099944161431154 13.610036374682835
      vertex -42 -1.9030271307011049 12.57997243102859
      vertex -42 -2.0099944161431154 13.610036374682835
    endloop
  endfacet
  facet normal 0 0.9955049649431926 0.0947093700404177
    outer loop
      vertex 42 -2.108075730952706 14.640984377181796
      vertex -42 -2.0099944161431154 13.610036374682835
      vertex -42 -2.108075730952706 14.640984377181796
    endloop
  endfacet
  facet normal 0 0.9962846115162416 0.08612184888825689
    outer loop
      vertex 42 -2.1391101249998217 15
      vertex -42 -2.108075730952706 14.640984377181796
      vertex -42 -2.1391101249998217 15
    endloop
  endfacet
  facet normal 0.7071034951626888 0.7019638401443564 0.08515523623652146
    outer loop
      vertex -43.5 -0.17417652470537348 10.709862083606613
      vertex -43.5 -0.29733359536692205 11.72508808829278
      vertex -42 -1.7871818280046199 11.550869134942857
    endloop
  endfacet
  facet normal 0.7071034951626888 0.7026720166023968 0.07909920487988871
    outer loop
      vertex -42 -1.7871818280046199 11.550869134942857
      vertex -43.5 -0.29733359536692205 11.72508808829278
      vertex -42 -1.9030271307011049 12.57997243102859
    endloop
  endfacet
  facet normal -1 0 0
    outer loop
      vertex -46.5 -4.6390483152156605 10.148684843952873
      vertex -46.5 -4.7668782932800156 11.202431228243006
      vertex -46.5 9.585326350756489 12.880740479193433
    endloop
  endfacet
  facet normal 0.7071034951626881 0.7026720166023971 0.07909920487989062
    outer loop
      vertex -42 -1.9030271307011049 12.57997243102859
      vertex -43.5 -0.29733359536692205 11.72508808829278
      vertex -43.5 -0.4117320374968614 12.74133830407786
    endloop
  endfacet
  facet normal 0.707103495162688 0.7033279470291827 0.07303729223092471
    outer loop
      vertex -42 -1.9030271307011049 12.57997243102859
      vertex -43.5 -0.4117320374968614 12.74133830407786
      vertex -42 -2.0099944161431154 13.610036374682835
    endloop
  endfacet
  facet normal -1 0 0
    outer loop
      vertex -46.5 -4.7668782932800156 11.202431228243006
      vertex -46.5 -4.885617317109578 12.257240684930068
      vertex -46.5 9.480525417054224 13.811731928958585
    endloop
  endfacet
  facet normal 0.7071034951626846 0.7033279470291851 0.07303729223093527
    outer loop
      vertex -42 -2.0099944161431154 13.610036374682835
      vertex -43.5 -0.4117320374968614 12.74133830407786
      vertex -43.5 -0.5173633451856716 13.758537169335241
    endloop
  endfacet
  facet normal 0.7071034951626847 0.7039315826540764 0.06696994901328913
    outer loop
      vertex -42 -2.0099944161431154 13.610036374682835
      vertex -43.5 -0.5173633451856716 13.758537169335241
      vertex -42 -2.108075730952706 14.640984377181796
    endloop
  endfacet
  facet normal -1 0 0
    outer loop
      vertex -46.5 -4.885617317109578 12.257240684930068
      vertex -46.5 -4.995256558058031 13.313034785378019
      vertex -46.5 9.383756095131062 14.743592440824612
    endloop
  endfacet
  facet normal 0.7071034951626931 0.7039315826540704 0.06696994901326382
    outer loop
      vertex -42 -2.108075730952706 14.640984377181796
      vertex -43.5 -0.5173633451856716 13.758537169335241
      vertex -43.5 -0.6142196643897933 14.776609051903073
    endloop
  endfacet
  facet normal 0.707103495162693 0.7044828785947249 0.06089762635434428
    outer loop
      vertex -42 -2.108075730952706 14.640984377181796
      vertex -43.5 -0.6142196643897933 14.776609051903073
      vertex -42 -2.1391101249998217 15
    endloop
  endfacet
  facet normal 0.7071034951626926 0.7044828785947251 0.060897626354348186
    outer loop
      vertex -42 -2.1391101249998217 15
      vertex -43.5 -0.6142196643897933 14.776609051903073
      vertex -43.5 -0.6335302522003686 15
    endloop
  endfacet
  facet normal -1 0 0
    outer loop
      vertex -46.5 -4.995256558058031 13.313034785378019
      vertex -46.5 -5.095787864078474 14.369735027739242
      vertex -46.5 9.35936224551878 15
    endloop
  endfacet
  facet normal -1 0 0
    outer loop
      vertex -46.5 -5.095787864078474 14.369735027739242
      vertex -46.5 -5.150269870598676 15
      vertex -46.5 9.35936224551878 15
    endloop
  endfacet
  facet normal -1 0 0
    outer loop
      vertex 43.5 0.4058451465302113 6.660708625187329
      vertex 43.5 0.24775163500466135 7.67108377643487
      vertex 43.5 8.008545478414177 8.8511595975124
    endloop
  endfacet
  facet normal -1 0 0
    outer loop
      vertex 43.5 0.24775163500466135 7.67108377643487
      vertex 43.5 0.09837622308785399 8.682784567657084
      vertex 43.5 7.869057056242369 9.795897056420095
    endloop
  endfacet
  facet normal -1 0 0
    outer loop
      vertex 43.5 0.4058451465302113 6.660708625187329
      vertex 43.5 8.008545478414177 8.8511595975124
      vertex 43.5 8.15617495903166 7.907660035967211
    endloop
  endfacet
  facet normal 1 0 0
    outer loop
      vertex 46.5 -4.201111076933373 6.9946071912322125
      vertex 46.5 10.130781280313258 8.225354662857193
      vertex 46.5 9.985817794831078 9.151815857602468
    endloop
  endfacet
  facet normal -1 0 0
    outer loop
      vertex 43.5 0.24775163500466135 7.67108377643487
      vertex 43.5 7.869057056242369 9.795897056420095
      vertex 43.5 8.008545478414177 8.8511595975124
    endloop
  endfacet
  facet normal 1 0 0
    outer loop
      vertex 46.5 -4.356154189976792 8.04469460606693
      vertex 46.5 9.985817794831078 9.151815857602468
      vertex 46.5 9.848848350937757 10.079492594904607
    endloop
  endfacet
  facet normal -1 0 0
    outer loop
      vertex 43.5 0.09837622308785399 8.682784567657084
      vertex 43.5 -0.04226998265521331 9.695735775492414
      vertex 43.5 7.737720063950206 10.741802168278046
    endloop
  endfacet
  facet normal -1 0 0
    outer loop
      vertex 43.5 -0.04226998265521331 9.695735775492414
      vertex 43.5 -0.17417652470537348 10.709862083606613
      vertex 43.5 7.614544266885531 11.688804601855082
    endloop
  endfacet
  facet normal -1 0 0
    outer loop
      vertex 43.5 0.09837622308785399 8.682784567657084
      vertex 43.5 7.737720063950206 10.741802168278046
      vertex 43.5 7.869057056242369 9.795897056420095
    endloop
  endfacet
  facet normal 1 0 0
    outer loop
      vertex 46.5 -4.5021368875059835 9.096079881652695
      vertex 46.5 9.848848350937757 10.079492594904607
      vertex 46.5 9.719883132772793 11.00831589887348
    endloop
  endfacet
  facet normal 1 0 0
    outer loop
      vertex 46.5 -4.6390483152156605 10.148684843952873
      vertex 46.5 9.719883132772793 11.00831589887348
      vertex 46.5 9.598931729334552 11.938216708367857
    endloop
  endfacet
  facet normal -1 0 0
    outer loop
      vertex 43.5 -0.04226998265521331 9.695735775492414
      vertex 43.5 7.614544266885531 11.688804601855082
      vertex 43.5 7.737720063950206 10.741802168278046
    endloop
  endfacet
  facet normal 7.113984298381429e-18 -0.9866091269557862 -0.16310251563829872
    outer loop
      vertex 43.5 8.311934521345663 6.965468524154936
      vertex 43.5 8.15617495903166 7.907660035967211
      vertex 42.5 8.15617495903166 7.907660035967211
    endloop
  endfacet
  facet normal -1 0 0
    outer loop
      vertex 42.5 8.311934521345663 6.965468524154936
      vertex 42.5 8.15617495903166 7.907660035967211
      vertex 42.5 8.649826539352063 7.987083692689705
    endloop
  endfacet
  facet normal 0 -0.9879788419116364 -0.15458915852976862
    outer loop
      vertex 43.5 8.15617495903166 7.907660035967211
      vertex 42.5 8.008545478414177 8.8511595975124
      vertex 42.5 8.15617495903166 7.907660035967211
    endloop
  endfacet
  facet normal -1 0 0
    outer loop
      vertex 42.5 8.15617495903166 7.907660035967211
      vertex 42.5 8.502863557518396 8.926323662534916
      vertex 42.5 8.649826539352063 7.987083692689705
    endloop
  endfacet
  facet normal 1.5811520799958977e-18 -0.9879788419116364 -0.15458915852976862
    outer loop
      vertex 43.5 8.15617495903166 7.907660035967211
      vertex 43.5 8.008545478414177 8.8511595975124
      vertex 42.5 8.008545478414177 8.8511595975124
    endloop
  endfacet
  facet normal -1 0 0
    outer loop
      vertex 42.5 8.15617495903166 7.907660035967211
      vertex 42.5 8.008545478414177 8.8511595975124
      vertex 42.5 8.502863557518396 8.926323662534916
    endloop
  endfacet
  facet normal -0.8320479148522063 0.5480355837805677 0.08575118833222146
    outer loop
      vertex 42.5 8.649826539352063 7.987083692689705
      vertex 42.5 8.502863557518396 8.926323662534916
      vertex 43.5 9.985817794831078 9.151815857602468
    endloop
  endfacet
  facet normal 0 -0.9892750973127648 -0.14606430719659058
    outer loop
      vertex 43.5 8.008545478414177 8.8511595975124
      vertex 42.5 7.869057056242369 9.795897056420095
      vertex 42.5 8.008545478414177 8.8511595975124
    endloop
  endfacet
  facet normal -1 0 0
    outer loop
      vertex 42.5 8.008545478414177 8.8511595975124
      vertex 42.5 8.364004879916195 9.86679594104122
      vertex 42.5 8.502863557518396 8.926323662534916
    endloop
  endfacet
  facet normal -0.8320479148522048 0.5472757977369871 0.09047357957681741
    outer loop
      vertex 42.5 8.804882898224449 7.049145867161009
      vertex 43.5 10.130781280313258 8.225354662857193
      vertex 43.5 10.28372802886085 7.300177896179225
    endloop
  endfacet
  facet normal -0.8320479148522048 0.547275797736987 0.09047357957681752
    outer loop
      vertex 42.5 8.804882898224449 7.049145867161009
      vertex 42.5 8.649826539352063 7.987083692689705
      vertex 43.5 10.130781280313258 8.225354662857193
    endloop
  endfacet
  facet normal 0 0.9866091269557893 0.16310251563827974
    outer loop
      vertex 46.5 10.28372802886085 7.300177896179225
      vertex 43.5 10.28372802886085 7.300177896179225
      vertex 46.5 10.130781280313258 8.225354662857193
    endloop
  endfacet
  facet normal 2.623907018603273e-19 0.9866091269557893 0.16310251563827974
    outer loop
      vertex 43.5 10.28372802886085 7.300177896179225
      vertex 43.5 10.130781280313258 8.225354662857193
      vertex 46.5 10.130781280313258 8.225354662857193
    endloop
  endfacet
  facet normal -0.8320479148522048 0.5480355837805707 0.08575118833221661
    outer loop
      vertex 42.5 8.649826539352063 7.987083692689705
      vertex 43.5 9.985817794831078 9.151815857602468
      vertex 43.5 10.130781280313258 8.225354662857193
    endloop
  endfacet
  facet normal 0 0.987978841911636 0.15458915852977048
    outer loop
      vertex 46.5 10.130781280313258 8.225354662857193
      vertex 43.5 10.130781280313258 8.225354662857193
      vertex 46.5 9.985817794831078 9.151815857602468
    endloop
  endfacet
  facet normal -1.0209856353987668e-18 0.987978841911636 0.15458915852977048
    outer loop
      vertex 43.5 10.130781280313258 8.225354662857193
      vertex 43.5 9.985817794831078 9.151815857602468
      vertex 46.5 9.985817794831078 9.151815857602468
    endloop
  endfacet
  facet normal 5.43153171358303e-18 -0.9892750973127648 -0.14606430719659058
    outer loop
      vertex 43.5 8.008545478414177 8.8511595975124
      vertex 43.5 7.869057056242369 9.795897056420095
      vertex 42.5 7.869057056242369 9.795897056420095
    endloop
  endfacet
  facet normal -1 0 0
    outer loop
      vertex 42.5 8.008545478414177 8.8511595975124
      vertex 42.5 7.869057056242369 9.795897056420095
      vertex 42.5 8.364004879916195 9.86679594104122
    endloop
  endfacet
  facet normal -0.8320479148522074 0.5487546215325395 0.08102242119791937
    outer loop
      vertex 42.5 8.502863557518396 8.926323662534916
      vertex 42.5 8.364004879916195 9.86679594104122
      vertex 43.5 9.848848350937757 10.079492594904607
    endloop
  endfacet
  facet normal 0 -0.9904977967782067 -0.1375285954902409
    outer loop
      vertex 43.5 7.869057056242369 9.795897056420095
      vertex 42.5 7.737720063950206 10.741802168278046
      vertex 42.5 7.869057056242369 9.795897056420095
    endloop
  endfacet
  facet normal -1 0 0
    outer loop
      vertex 42.5 7.869057056242369 9.795897056420095
      vertex 42.5 8.233260831155846 10.808430600926902
      vertex 42.5 8.364004879916195 9.86679594104122
    endloop
  endfacet
  facet normal 0 -0.9916468493961587 -0.12898265806949435
    outer loop
      vertex 43.5 7.737720063950206 10.741802168278046
      vertex 42.5 7.614544266885531 11.688804601855082
      vertex 42.5 7.737720063950206 10.741802168278046
    endloop
  endfacet
  facet normal 2.217082277911342e-18 -0.9904977967782067 -0.1375285954902409
    outer loop
      vertex 43.5 7.869057056242369 9.795897056420095
      vertex 43.5 7.737720063950206 10.741802168278046
      vertex 42.5 7.737720063950206 10.741802168278046
    endloop
  endfacet
  facet normal -1 0 0
    outer loop
      vertex 42.5 7.869057056242369 9.795897056420095
      vertex 42.5 7.737720063950206 10.741802168278046
      vertex 42.5 8.233260831155846 10.808430600926902
    endloop
  endfacet
  facet normal -0.8320479148522084 0.5494328575300198 0.0762876297736997
    outer loop
      vertex 42.5 8.364004879916195 9.86679594104122
      vertex 42.5 8.233260831155846 10.808430600926902
      vertex 43.5 9.719883132772793 11.00831589887348
    endloop
  endfacet
  facet normal -1 0 0
    outer loop
      vertex 42.5 7.737720063950206 10.741802168278046
      vertex 42.5 8.110641132497776 11.751157628483275
      vertex 42.5 8.233260831155846 10.808430600926902
    endloop
  endfacet
  facet normal -0.8320479148522063 0.5487546215325418 0.0810224211979156
    outer loop
      vertex 42.5 8.502863557518396 8.926323662534916
      vertex 43.5 9.848848350937757 10.079492594904607
      vertex 43.5 9.985817794831078 9.151815857602468
    endloop
  endfacet
  facet normal 0 0.9892750973127631 0.14606430719660085
    outer loop
      vertex 46.5 9.985817794831078 9.151815857602468
      vertex 43.5 9.985817794831078 9.151815857602468
      vertex 46.5 9.848848350937757 10.079492594904607
    endloop
  endfacet
  facet normal 3.203061110618279e-18 0.9892750973127631 0.14606430719660085
    outer loop
      vertex 43.5 9.985817794831078 9.151815857602468
      vertex 43.5 9.848848350937757 10.079492594904607
      vertex 46.5 9.848848350937757 10.079492594904607
    endloop
  endfacet
  facet normal 1.4378470662112433e-18 0.9904977967782105 0.13752859549021318
    outer loop
      vertex 46.5 9.719883132772793 11.00831589887348
      vertex 46.5 9.848848350937757 10.079492594904607
      vertex 43.5 9.848848350937757 10.079492594904607
    endloop
  endfacet
  facet normal 0 0.9904977967782105 0.13752859549021318
    outer loop
      vertex 46.5 9.719883132772793 11.00831589887348
      vertex 43.5 9.848848350937757 10.079492594904607
      vertex 43.5 9.719883132772793 11.00831589887348
    endloop
  endfacet
  facet normal -0.8320479148522074 0.5494328575300217 0.07628762977369657
    outer loop
      vertex 42.5 8.364004879916195 9.86679594104122
      vertex 43.5 9.719883132772793 11.00831589887348
      vertex 43.5 9.848848350937757 10.079492594904607
    endloop
  endfacet
  facet normal -1 0 0
    outer loop
      vertex 43.5 -0.17417652470537348 10.709862083606613
      vertex 43.5 -0.29733359536692205 11.72508808829278
      vertex 43.5 7.499538823583677 12.636833944330466
    endloop
  endfacet
  facet normal -1 0 0
    outer loop
      vertex 43.5 -0.29733359536692205 11.72508808829278
      vertex 43.5 -0.4117320374968614 12.74133830407786
      vertex 43.5 7.392712285086802 13.585819706529312
    endloop
  endfacet
  facet normal -1 0 0
    outer loop
      vertex 43.5 -0.17417652470537348 10.709862083606613
      vertex 43.5 7.499538823583677 12.636833944330466
      vertex 43.5 7.614544266885531 11.688804601855082
    endloop
  endfacet
  facet normal 1 0 0
    outer loop
      vertex 46.5 -4.7668782932800156 11.202431228243006
      vertex 46.5 9.598931729334552 11.938216708367857
      vertex 46.5 9.486003133767284 12.869125882130367
    endloop
  endfacet
  facet normal -1 0 0
    outer loop
      vertex 43.5 -0.29733359536692205 11.72508808829278
      vertex 43.5 7.392712285086802 13.585819706529312
      vertex 43.5 7.499538823583677 12.636833944330466
    endloop
  endfacet
  facet normal 1 0 0
    outer loop
      vertex 46.5 -4.885617317109578 12.257240684930068
      vertex 46.5 9.486003133767284 12.869125882130367
      vertex 46.5 9.381105742692469 13.80097420392833
    endloop
  endfacet
  facet normal -1 0 0
    outer loop
      vertex 43.5 -0.4117320374968614 12.74133830407786
      vertex 43.5 -0.5173633451856716 13.758537169335241
      vertex 43.5 7.294072594307821 14.535691328163715
    endloop
  endfacet
  facet normal -1 0 0
    outer loop
      vertex 43.5 -0.5173633451856716 13.758537169335241
      vertex 43.5 -0.6142196643897933 14.776609051903073
      vertex 43.5 7.249899653576758 15
    endloop
  endfacet
  facet normal -1 0 0
    outer loop
      vertex 43.5 -0.6335302522003686 15
      vertex 43.5 7.249899653576758 15
      vertex 43.5 -0.6142196643897933 14.776609051903073
    endloop
  endfacet
  facet normal 1 0 0
    outer loop
      vertex 46.5 -4.995256558058031 13.313034785378019
      vertex 46.5 9.381105742692469 13.80097420392833
      vertex 46.5 9.284247355584426 14.733692387700264
    endloop
  endfacet
  facet normal -1 0 0
    outer loop
      vertex 43.5 -0.4117320374968614 12.74133830407786
      vertex 43.5 7.294072594307821 14.535691328163715
      vertex 43.5 7.392712285086802 13.585819706529312
    endloop
  endfacet
  facet normal -1 0 0
    outer loop
      vertex 43.5 -0.5173633451856716 13.758537169335241
      vertex 43.5 7.249899653576758 15
      vertex 43.5 7.294072594307821 14.535691328163715
    endloop
  endfacet
  facet normal 1 0 0
    outer loop
      vertex 46.5 -5.150269870598676 15
      vertex 46.5 9.284247355584426 14.733692387700264
      vertex 46.5 9.258911644476939 15
    endloop
  endfacet
  facet normal 4.3371205092642174e-18 -0.9916468493961587 -0.12898265806949435
    outer loop
      vertex 43.5 7.737720063950206 10.741802168278046
      vertex 43.5 7.614544266885531 11.688804601855082
      vertex 42.5 7.614544266885531 11.688804601855082
    endloop
  endfacet
  facet normal 0 -0.992722169730667 -0.12042713035374024
    outer loop
      vertex 43.5 7.614544266885531 11.688804601855082
      vertex 42.5 7.499538823583677 12.636833944330466
      vertex 42.5 7.614544266885531 11.688804601855082
    endloop
  endfacet
  facet normal -1 0 0
    outer loop
      vertex 42.5 7.737720063950206 10.741802168278046
      vertex 42.5 7.614544266885531 11.688804601855082
      vertex 42.5 8.110641132497776 11.751157628483275
    endloop
  endfacet
  facet normal -0.832047914852207 0.5500702413438832 0.07154716610723845
    outer loop
      vertex 42.5 8.233260831155846 10.808430600926902
      vertex 42.5 8.110641132497776 11.751157628483275
      vertex 43.5 9.598931729334552 11.938216708367857
    endloop
  endfacet
  facet normal -1 0 0
    outer loop
      vertex 42.5 7.614544266885531 11.688804601855082
      vertex 42.5 7.996154901129586 12.69490692878044
      vertex 42.5 8.110641132497776 11.751157628483275
    endloop
  endfacet
  facet normal -0.832047914852207 0.5506667255824875 0.06680138266799533
    outer loop
      vertex 42.5 8.110641132497776 11.751157628483275
      vertex 43.5 9.486003133767284 12.869125882130367
      vertex 43.5 9.598931729334552 11.938216708367857
    endloop
  endfacet
  facet normal -5.886906145122278e-18 -0.992722169730667 -0.12042713035374024
    outer loop
      vertex 43.5 7.614544266885531 11.688804601855082
      vertex 43.5 7.499538823583677 12.636833944330466
      vertex 42.5 7.499538823583677 12.636833944330466
    endloop
  endfacet
  facet normal -1 0 0
    outer loop
      vertex 42.5 7.614544266885531 11.688804601855082
      vertex 42.5 7.499538823583677 12.636833944330466
      vertex 42.5 7.996154901129586 12.69490692878044
    endloop
  endfacet
  facet normal 0 -0.9937236778280614 -0.11186264847513328
    outer loop
      vertex 43.5 7.499538823583677 12.636833944330466
      vertex 42.5 7.392712285086802 13.585819706529312
      vertex 42.5 7.499538823583677 12.636833944330466
    endloop
  endfacet
  facet normal -0.8320479148522057 0.5506667255824896 0.06680138266799174
    outer loop
      vertex 42.5 8.110641132497776 11.751157628483275
      vertex 42.5 7.996154901129586 12.69490692878044
      vertex 43.5 9.486003133767284 12.869125882130367
    endloop
  endfacet
  facet normal -1 0 0
    outer loop
      vertex 42.5 7.499538823583677 12.636833944330466
      vertex 42.5 7.889810649488211 13.639608330879067
      vertex 42.5 7.996154901129586 12.69490692878044
    endloop
  endfacet
  facet normal -0.8320479148522059 0.5512222658952283 0.06205063232092583
    outer loop
      vertex 42.5 7.996154901129586 12.69490692878044
      vertex 43.5 9.381105742692469 13.80097420392833
      vertex 43.5 9.486003133767284 12.869125882130367
    endloop
  endfacet
  facet normal 0 0.9916468493961565 0.12898265806951126
    outer loop
      vertex 46.5 9.719883132772793 11.00831589887348
      vertex 43.5 9.719883132772793 11.00831589887348
      vertex 46.5 9.598931729334552 11.938216708367857
    endloop
  endfacet
  facet normal 1.742553828449257e-18 0.9916468493961565 0.12898265806951126
    outer loop
      vertex 43.5 9.719883132772793 11.00831589887348
      vertex 43.5 9.598931729334552 11.938216708367857
      vertex 46.5 9.598931729334552 11.938216708367857
    endloop
  endfacet
  facet normal -0.8320479148522084 0.5500702413438803 0.07154716610724325
    outer loop
      vertex 42.5 8.233260831155846 10.808430600926902
      vertex 43.5 9.598931729334552 11.938216708367857
      vertex 43.5 9.719883132772793 11.00831589887348
    endloop
  endfacet
  facet normal 0 0.9927221697306688 0.12042713035372478
    outer loop
      vertex 46.5 9.598931729334552 11.938216708367857
      vertex 43.5 9.598931729334552 11.938216708367857
      vertex 46.5 9.486003133767284 12.869125882130367
    endloop
  endfacet
  facet normal -2.024042244435516e-18 0.9927221697306688 0.12042713035372478
    outer loop
      vertex 43.5 9.598931729334552 11.938216708367857
      vertex 43.5 9.486003133767284 12.869125882130367
      vertex 46.5 9.486003133767284 12.869125882130367
    endloop
  endfacet
  facet normal 1.885466629062736e-18 -0.9937236778280614 -0.11186264847513328
    outer loop
      vertex 43.5 7.499538823583677 12.636833944330466
      vertex 43.5 7.392712285086802 13.585819706529312
      vertex 42.5 7.392712285086802 13.585819706529312
    endloop
  endfacet
  facet normal -1 0 0
    outer loop
      vertex 42.5 7.499538823583677 12.636833944330466
      vertex 42.5 7.392712285086802 13.585819706529312
      vertex 42.5 7.889810649488211 13.639608330879067
    endloop
  endfacet
  facet normal 0 -0.9946512992228267 -0.10328984923187218
    outer loop
      vertex 43.5 7.392712285086802 13.585819706529312
      vertex 42.5 7.294072594307821 14.535691328163715
      vertex 42.5 7.392712285086802 13.585819706529312
    endloop
  endfacet
  facet normal -1 0 0
    outer loop
      vertex 42.5 7.392712285086802 13.585819706529312
      vertex 42.5 7.791616284626983 14.585191593047849
      vertex 42.5 7.889810649488211 13.639608330879067
    endloop
  endfacet
  facet normal -0.8320479148522075 0.5512222658952249 0.062050632320931554
    outer loop
      vertex 42.5 7.996154901129586 12.69490692878044
      vertex 42.5 7.889810649488211 13.639608330879067
      vertex 43.5 9.381105742692469 13.80097420392833
    endloop
  endfacet
  facet normal -0.8320479148522075 0.5517368209758015 0.05729526830035737
    outer loop
      vertex 42.5 7.889810649488211 13.639608330879067
      vertex 43.5 9.284247355584426 14.733692387700264
      vertex 43.5 9.381105742692469 13.80097420392833
    endloop
  endfacet
  facet normal 5.47884372517844e-18 -0.9946512992228267 -0.10328984923187218
    outer loop
      vertex 43.5 7.392712285086802 13.585819706529312
      vertex 43.5 7.294072594307821 14.535691328163715
      vertex 42.5 7.294072594307821 14.535691328163715
    endloop
  endfacet
  facet normal -1 0 0
    outer loop
      vertex 42.5 7.392712285086802 13.585819706529312
      vertex 42.5 7.294072594307821 14.535691328163715
      vertex 42.5 7.791616284626983 14.585191593047849
    endloop
  endfacet
  facet normal 0 -0.9955049649431933 -0.09470937004041018
    outer loop
      vertex 43.5 7.294072594307821 14.535691328163715
      vertex 42.5 7.249899653576758 15
      vertex 42.5 7.294072594307821 14.535691328163715
    endloop
  endfacet
  facet normal -1 0 0
    outer loop
      vertex 42.5 7.294072594307821 14.535691328163715
      vertex 42.5 7.75215265130181 15
      vertex 42.5 7.791616284626983 14.585191593047849
    endloop
  endfacet
  facet normal 1.828374494888946e-18 -0.9955049649431933 -0.09470937004041018
    outer loop
      vertex 43.5 7.294072594307821 14.535691328163715
      vertex 43.5 7.249899653576758 15
      vertex 42.5 7.249899653576758 15
    endloop
  endfacet
  facet normal -1 0 0
    outer loop
      vertex 42.5 7.294072594307821 14.535691328163715
      vertex 42.5 7.249899653576758 15
      vertex 42.5 7.75215265130181 15
    endloop
  endfacet
  facet normal -0.832047914852203 0.5517368209758101 0.05729526830034212
    outer loop
      vertex 42.5 7.889810649488211 13.639608330879067
      vertex 42.5 7.791616284626983 14.585191593047849
      vertex 43.5 9.284247355584426 14.733692387700264
    endloop
  endfacet
  facet normal -0.8320479148522038 0.5522103525653196 0.052535644183594604
    outer loop
      vertex 42.5 7.791616284626983 14.585191593047849
      vertex 42.5 7.75215265130181 15
      vertex 43.5 9.258911644476939 15
    endloop
  endfacet
  facet normal -0.832047914852203 0.5522103525653219 0.05253564418358459
    outer loop
      vertex 42.5 7.791616284626983 14.585191593047849
      vertex 43.5 9.258911644476939 15
      vertex 43.5 9.284247355584426 14.733692387700264
    endloop
  endfacet
  facet normal 0 0.9937236778280609 0.11186264847513834
    outer loop
      vertex 46.5 9.486003133767284 12.869125882130367
      vertex 43.5 9.486003133767284 12.869125882130367
      vertex 46.5 9.381105742692469 13.80097420392833
    endloop
  endfacet
  facet normal 2.122701767393216e-18 0.9937236778280609 0.11186264847513834
    outer loop
      vertex 43.5 9.486003133767284 12.869125882130367
      vertex 43.5 9.381105742692469 13.80097420392833
      vertex 46.5 9.381105742692469 13.80097420392833
    endloop
  endfacet
  facet normal 0 0.9946512992228251 0.10328984923188635
    outer loop
      vertex 46.5 9.381105742692469 13.80097420392833
      vertex 43.5 9.381105742692469 13.80097420392833
      vertex 46.5 9.284247355584426 14.733692387700264
    endloop
  endfacet
  facet normal 1.2758100457575503e-18 0.9946512992228251 0.10328984923188635
    outer loop
      vertex 43.5 9.381105742692469 13.80097420392833
      vertex 43.5 9.284247355584426 14.733692387700264
      vertex 46.5 9.284247355584426 14.733692387700264
    endloop
  endfacet
  facet normal 0 0.9955049649431946 0.09470937004039764
    outer loop
      vertex 46.5 9.284247355584426 14.733692387700264
      vertex 43.5 9.284247355584426 14.733692387700264
      vertex 46.5 9.258911644476939 15
    endloop
  endfacet
  facet normal 0 0.9955049649431946 0.09470937004039764
    outer loop
      vertex 46.5 9.258911644476939 15
      vertex 43.5 9.284247355584426 14.733692387700264
      vertex 43.5 9.258911644476939 15
    endloop
  endfacet
  facet normal 1 0 0
    outer loop
      vertex -43.5 0.24775163500466135 7.67108377643487
      vertex -43.5 8.107409095708206 8.866192410740911
      vertex -43.5 0.09837622308785399 8.682784567657084
    endloop
  endfacet
  facet normal -1 0 0
    outer loop
      vertex -46.5 -4.037019076353403 5.9458957146848626
      vertex -46.5 10.084681412125107 9.16684867083098
      vertex -46.5 10.229511597848514 8.241239394438388
    endloop
  endfacet
  facet normal 1 0 0
    outer loop
      vertex -43.5 0.24775163500466135 7.67108377643487
      vertex -43.5 8.25490527656693 7.923544767548407
      vertex -43.5 8.107409095708206 8.866192410740911
    endloop
  endfacet
  facet normal -1 0 0
    outer loop
      vertex -46.5 -4.201111076933373 6.9946071912322125
      vertex -46.5 9.94783791714758 10.093672372040128
      vertex -46.5 10.084681412125107 9.16684867083098
    endloop
  endfacet
  facet normal 1 0 0
    outer loop
      vertex -43.5 0.09837622308785399 8.682784567657084
      vertex -43.5 8.107409095708206 8.866192410740911
      vertex -43.5 7.968046622452192 9.810076833555614
    endloop
  endfacet
  facet normal 1 0 0
    outer loop
      vertex -43.5 0.09837622308785399 8.682784567657084
      vertex -43.5 7.968046622452192 9.810076833555614
      vertex -43.5 -0.04226998265521331 9.695735775492414
    endloop
  endfacet
  facet normal 1 0 0
    outer loop
      vertex -43.5 -0.04226998265521331 9.695735775492414
      vertex -43.5 7.836828218868163 10.755127855006386
      vertex -43.5 -0.17417652470537348 10.709862083606613
    endloop
  endfacet
  facet normal -1 0 0
    outer loop
      vertex -46.5 -4.356154189976792 8.04469460606693
      vertex -46.5 9.81899128769075 11.02164158560182
      vertex -46.5 9.94783791714758 10.093672372040128
    endloop
  endfacet
  facet normal 1 0 0
    outer loop
      vertex -43.5 -0.04226998265521331 9.695735775492414
      vertex -43.5 7.968046622452192 9.810076833555614
      vertex -43.5 7.836828218868163 10.755127855006386
    endloop
  endfacet
  facet normal -1 0 0
    outer loop
      vertex -46.5 -4.5021368875059835 9.096079881652695
      vertex -46.5 9.698151103935487 11.95068731387932
      vertex -46.5 9.81899128769075 11.02164158560182
    endloop
  endfacet
  facet normal 1 0 0
    outer loop
      vertex -43.5 -0.17417652470537348 10.709862083606613
      vertex -43.5 7.836828218868163 10.755127855006386
      vertex -43.5 7.713763641486452 11.701275207366544
    endloop
  endfacet
  facet normal -8.200283375202893e-18 -0.9866091269557865 -0.1631025156382965
    outer loop
      vertex -42.5 8.410524198190515 6.982203993005527
      vertex -42.5 8.25490527656693 7.923544767548407
      vertex -43.5 8.25490527656693 7.923544767548407
    endloop
  endfacet
  facet normal 1 0 0
    outer loop
      vertex -42.5 8.90347257506933 7.0658813360116
      vertex -42.5 8.748556856887333 8.002968424270904
      vertex -42.5 8.25490527656693 7.923544767548407
    endloop
  endfacet
  facet normal 0 -0.9879788419116375 -0.15458915852976074
    outer loop
      vertex -42.5 8.25490527656693 7.923544767548407
      vertex -43.5 8.107409095708206 8.866192410740911
      vertex -43.5 8.25490527656693 7.923544767548407
    endloop
  endfacet
  facet normal 1 0 0
    outer loop
      vertex -42.5 8.25490527656693 7.923544767548407
      vertex -42.5 8.748556856887333 8.002968424270904
      vertex -42.5 8.107409095708206 8.866192410740911
    endloop
  endfacet
  facet normal 1.4268666337222143e-17 -0.9879788419116375 -0.15458915852976074
    outer loop
      vertex -42.5 8.25490527656693 7.923544767548407
      vertex -42.5 8.107409095708206 8.866192410740911
      vertex -43.5 8.107409095708206 8.866192410740911
    endloop
  endfacet
  facet normal 1 0 0
    outer loop
      vertex -42.5 8.748556856887333 8.002968424270904
      vertex -42.5 8.601727174812424 8.941356475763424
      vertex -42.5 8.107409095708206 8.866192410740911
    endloop
  endfacet
  facet normal 0 -0.9892750973127635 -0.14606430719659844
    outer loop
      vertex -42.5 8.107409095708206 8.866192410740911
      vertex -43.5 7.968046622452192 9.810076833555614
      vertex -43.5 8.107409095708206 8.866192410740911
    endloop
  endfacet
  facet normal 1 0 0
    outer loop
      vertex -42.5 8.107409095708206 8.866192410740911
      vertex -42.5 8.601727174812424 8.941356475763424
      vertex -42.5 7.968046622452192 9.810076833555614
    endloop
  endfacet
  facet normal 0.8320479148522063 0.5487546215325417 0.08102242119791545
    outer loop
      vertex -42.5 8.601727174812424 8.941356475763424
      vertex -43.5 10.084681412125107 9.16684867083098
      vertex -42.5 8.462994446126032 9.88097571817674
    endloop
  endfacet
  facet normal 0.8320479148522023 0.5472757977369883 0.09047357957683314
    outer loop
      vertex -43.5 10.382317705705717 7.316913365029816
      vertex -43.5 10.229511597848514 8.241239394438388
      vertex -42.5 8.748556856887333 8.002968424270904
    endloop
  endfacet
  facet normal 0 0.9866091269557848 0.16310251563830697
    outer loop
      vertex -43.5 10.382317705705717 7.316913365029816
      vertex -46.5 10.382317705705717 7.316913365029816
      vertex -43.5 10.229511597848514 8.241239394438388
    endloop
  endfacet
  facet normal -4.790164615003889e-18 0.9866091269557848 0.16310251563830697
    outer loop
      vertex -46.5 10.382317705705717 7.316913365029816
      vertex -46.5 10.229511597848514 8.241239394438388
      vertex -43.5 10.229511597848514 8.241239394438388
    endloop
  endfacet
  facet normal 0.8320479148522023 0.5480355837805743 0.08575118833221865
    outer loop
      vertex -42.5 8.748556856887333 8.002968424270904
      vertex -43.5 10.229511597848514 8.241239394438388
      vertex -42.5 8.601727174812424 8.941356475763424
    endloop
  endfacet
  facet normal 0.8320479148522064 0.5480355837805703 0.08575118833220358
    outer loop
      vertex -42.5 8.601727174812424 8.941356475763424
      vertex -43.5 10.229511597848514 8.241239394438388
      vertex -43.5 10.084681412125107 9.16684867083098
    endloop
  endfacet
  facet normal 0 0.9879788419116396 0.15458915852974767
    outer loop
      vertex -43.5 10.229511597848514 8.241239394438388
      vertex -46.5 10.229511597848514 8.241239394438388
      vertex -43.5 10.084681412125107 9.16684867083098
    endloop
  endfacet
  facet normal 7.063707197913991e-19 0.9879788419116396 0.15458915852974767
    outer loop
      vertex -46.5 10.229511597848514 8.241239394438388
      vertex -46.5 10.084681412125107 9.16684867083098
      vertex -43.5 10.084681412125107 9.16684867083098
    endloop
  endfacet
  facet normal 1.3869565134371899e-17 -0.9892750973127635 -0.14606430719659844
    outer loop
      vertex -42.5 8.107409095708206 8.866192410740911
      vertex -42.5 7.968046622452192 9.810076833555614
      vertex -43.5 7.968046622452192 9.810076833555614
    endloop
  endfacet
  facet normal 1 0 0
    outer loop
      vertex -42.5 8.601727174812424 8.941356475763424
      vertex -42.5 8.462994446126032 9.88097571817674
      vertex -42.5 7.968046622452192 9.810076833555614
    endloop
  endfacet
  facet normal 0 -0.9904977967782079 -0.1375285954902327
    outer loop
      vertex -42.5 7.968046622452192 9.810076833555614
      vertex -43.5 7.836828218868163 10.755127855006386
      vertex -43.5 7.968046622452192 9.810076833555614
    endloop
  endfacet
  facet normal 1 0 0
    outer loop
      vertex -42.5 7.968046622452192 9.810076833555614
      vertex -42.5 8.462994446126032 9.88097571817674
      vertex -42.5 7.836828218868163 10.755127855006386
    endloop
  endfacet
  facet normal 0.8320479148522051 0.5494328575300244 0.0762876297737038
    outer loop
      vertex -42.5 8.462994446126032 9.88097571817674
      vertex -43.5 9.94783791714758 10.093672372040128
      vertex -42.5 8.332368986073803 10.821756287655246
    endloop
  endfacet
  facet normal -4.789746507804424e-20 -0.9904977967782079 -0.1375285954902327
    outer loop
      vertex -42.5 7.968046622452192 9.810076833555614
      vertex -42.5 7.836828218868163 10.755127855006386
      vertex -43.5 7.836828218868163 10.755127855006386
    endloop
  endfacet
  facet normal 1 0 0
    outer loop
      vertex -42.5 8.462994446126032 9.88097571817674
      vertex -42.5 8.332368986073803 10.821756287655246
      vertex -42.5 7.836828218868163 10.755127855006386
    endloop
  endfacet
  facet normal 0 -0.9916468493961564 -0.12898265806951134
    outer loop
      vertex -42.5 7.836828218868163 10.755127855006386
      vertex -43.5 7.713763641486452 11.701275207366544
      vertex -43.5 7.836828218868163 10.755127855006386
    endloop
  endfacet
  facet normal 1 0 0
    outer loop
      vertex -42.5 7.836828218868163 10.755127855006386
      vertex -42.5 8.332368986073803 10.821756287655246
      vertex -42.5 7.713763641486452 11.701275207366544
    endloop
  endfacet
  facet normal 0.8320479148522084 0.5500702413438809 0.07154716610723937
    outer loop
      vertex -42.5 8.332368986073803 10.821756287655246
      vertex -43.5 9.81899128769075 11.02164158560182
      vertex -42.5 8.20986050709871 11.763628233994742
    endloop
  endfacet
  facet normal 0.8320479148522051 0.548754621532543 0.08102242119792016
    outer loop
      vertex -43.5 10.084681412125107 9.16684867083098
      vertex -43.5 9.94783791714758 10.093672372040128
      vertex -42.5 8.462994446126032 9.88097571817674
    endloop
  endfacet
  facet normal 0 0.989275097312762 0.14606430719660862
    outer loop
      vertex -43.5 10.084681412125107 9.16684867083098
      vertex -46.5 10.084681412125107 9.16684867083098
      vertex -43.5 9.94783791714758 10.093672372040128
    endloop
  endfacet
  facet normal -4.2604453939749645e-18 0.989275097312762 0.14606430719660862
    outer loop
      vertex -46.5 10.084681412125107 9.16684867083098
      vertex -46.5 9.94783791714758 10.093672372040128
      vertex -43.5 9.94783791714758 10.093672372040128
    endloop
  endfacet
  facet normal 0.8320479148522083 0.549432857530021 0.07628762977369188
    outer loop
      vertex -42.5 8.332368986073803 10.821756287655246
      vertex -43.5 9.94783791714758 10.093672372040128
      vertex -43.5 9.81899128769075 11.02164158560182
    endloop
  endfacet
  facet normal 0 0.9904977967782117 0.13752859549020505
    outer loop
      vertex -43.5 9.94783791714758 10.093672372040128
      vertex -46.5 9.94783791714758 10.093672372040128
      vertex -43.5 9.81899128769075 11.02164158560182
    endloop
  endfacet
  facet normal 1.7913383719527927e-18 0.9904977967782117 0.13752859549020505
    outer loop
      vertex -46.5 9.94783791714758 10.093672372040128
      vertex -46.5 9.81899128769075 11.02164158560182
      vertex -43.5 9.81899128769075 11.02164158560182
    endloop
  endfacet
  facet normal 1 0 0
    outer loop
      vertex -43.5 -0.17417652470537348 10.709862083606613
      vertex -43.5 7.713763641486452 11.701275207366544
      vertex -43.5 -0.29733359536692205 11.72508808829278
    endloop
  endfacet
  facet normal 1 0 0
    outer loop
      vertex -43.5 -0.29733359536692205 11.72508808829278
      vertex -43.5 7.598862040572897 12.64844854139353
      vertex -43.5 -0.4117320374968614 12.74133830407786
    endloop
  endfacet
  facet normal -1 0 0
    outer loop
      vertex -46.5 -4.6390483152156605 10.148684843952873
      vertex -46.5 9.585326350756489 12.880740479193433
      vertex -46.5 9.698151103935487 11.95068731387932
    endloop
  endfacet
  facet normal 1 0 0
    outer loop
      vertex -43.5 -0.29733359536692205 11.72508808829278
      vertex -43.5 7.713763641486452 11.701275207366544
      vertex -43.5 7.598862040572897 12.64844854139353
    endloop
  endfacet
  facet normal -1 0 0
    outer loop
      vertex -46.5 -4.7668782932800156 11.202431228243006
      vertex -46.5 9.480525417054224 13.811731928958585
      vertex -46.5 9.585326350756489 12.880740479193433
    endloop
  endfacet
  facet normal 1 0 0
    outer loop
      vertex -43.5 -0.4117320374968614 12.74133830407786
      vertex -43.5 7.598862040572897 12.64844854139353
      vertex -43.5 7.492131959448571 13.596577431559567
    endloop
  endfacet
  facet normal 1 0 0
    outer loop
      vertex -43.5 -0.4117320374968614 12.74133830407786
      vertex -43.5 7.492131959448571 13.596577431559567
      vertex -43.5 -0.5173633451856716 13.758537169335241
    endloop
  endfacet
  facet normal 1 0 0
    outer loop
      vertex -43.5 -0.5173633451856716 13.758537169335241
      vertex -43.5 7.393581333854442 14.545591381288064
      vertex -43.5 -0.6142196643897933 14.776609051903073
    endloop
  endfacet
  facet normal 1 0 0
    outer loop
      vertex -43.5 -0.6335302522003686 15
      vertex -43.5 -0.6142196643897933 14.776609051903073
      vertex -43.5 7.393581333854442 14.545591381288064
    endloop
  endfacet
  facet normal 1 0 0
    outer loop
      vertex -43.5 -0.5173633451856716 13.758537169335241
      vertex -43.5 7.492131959448571 13.596577431559567
      vertex -43.5 7.393581333854442 14.545591381288064
    endloop
  endfacet
  facet normal -1 0 0
    outer loop
      vertex -46.5 -4.885617317109578 12.257240684930068
      vertex -46.5 9.383756095131062 14.743592440824612
      vertex -46.5 9.480525417054224 13.811731928958585
    endloop
  endfacet
  facet normal -1 0 0
    outer loop
      vertex -46.5 -4.995256558058031 13.313034785378019
      vertex -46.5 9.35936224551878 15
      vertex -46.5 9.383756095131062 14.743592440824612
    endloop
  endfacet
  facet normal 1 0 0
    outer loop
      vertex -43.5 -0.6335302522003686 15
      vertex -43.5 7.393581333854442 14.545591381288064
      vertex -43.5 7.350350254618599 15
    endloop
  endfacet
  facet normal -5.197576466308104e-18 -0.9927221697306698 -0.12042713035371641
    outer loop
      vertex -43.5 7.598862040572897 12.64844854139353
      vertex -43.5 7.713763641486452 11.701275207366544
      vertex -42.5 7.713763641486452 11.701275207366544
    endloop
  endfacet
  facet normal 2.664409080820813e-18 -0.9916468493961564 -0.12898265806951134
    outer loop
      vertex -42.5 7.836828218868163 10.755127855006386
      vertex -42.5 7.713763641486452 11.701275207366544
      vertex -43.5 7.713763641486452 11.701275207366544
    endloop
  endfacet
  facet normal 1 0 0
    outer loop
      vertex -42.5 8.332368986073803 10.821756287655246
      vertex -42.5 8.20986050709871 11.763628233994742
      vertex -42.5 7.713763641486452 11.701275207366544
    endloop
  endfacet
  facet normal 1 0 0
    outer loop
      vertex -42.5 7.598862040572897 12.64844854139353
      vertex -42.5 7.713763641486452 11.701275207366544
      vertex -42.5 8.20986050709871 11.763628233994742
    endloop
  endfacet
  facet normal 0.8320479148522069 0.5506667255824877 0.06680138266799512
    outer loop
      vertex -42.5 8.20986050709871 11.763628233994742
      vertex -43.5 9.698151103935487 11.95068731387932
      vertex -42.5 8.095478118118791 12.706521525843502
    endloop
  endfacet
  facet normal 0 -0.9927221697306698 -0.12042713035371641
    outer loop
      vertex -42.5 7.598862040572897 12.64844854139353
      vertex -43.5 7.598862040572897 12.64844854139353
      vertex -42.5 7.713763641486452 11.701275207366544
    endloop
  endfacet
  facet normal 0 -0.9937236778280625 -0.11186264847512348
    outer loop
      vertex -42.5 7.598862040572897 12.64844854139353
      vertex -43.5 7.492131959448571 13.596577431559567
      vertex -43.5 7.598862040572897 12.64844854139353
    endloop
  endfacet
  facet normal 1 0 0
    outer loop
      vertex -42.5 7.598862040572897 12.64844854139353
      vertex -42.5 8.095478118118791 12.706521525843502
      vertex -42.5 7.492131959448571 13.596577431559567
    endloop
  endfacet
  facet normal 1 0 0
    outer loop
      vertex -42.5 7.598862040572897 12.64844854139353
      vertex -42.5 8.20986050709871 11.763628233994742
      vertex -42.5 8.095478118118791 12.706521525843502
    endloop
  endfacet
  facet normal 0.8320479148522059 0.5506667255824887 0.06680138266799851
    outer loop
      vertex -43.5 9.698151103935487 11.95068731387932
      vertex -43.5 9.585326350756489 12.880740479193433
      vertex -42.5 8.095478118118791 12.706521525843502
    endloop
  endfacet
  facet normal 0.8320479148522059 0.551222265895229 0.06205063232091807
    outer loop
      vertex -42.5 8.095478118118791 12.706521525843502
      vertex -43.5 9.585326350756489 12.880740479193433
      vertex -42.5 7.989230323849981 13.650366055909322
    endloop
  endfacet
  facet normal 0.8320479148522066 0.5500702413438825 0.0715471661072449
    outer loop
      vertex -43.5 9.81899128769075 11.02164158560182
      vertex -43.5 9.698151103935487 11.95068731387932
      vertex -42.5 8.20986050709871 11.763628233994742
    endloop
  endfacet
  facet normal 0 0.9916468493961561 0.12898265806951367
    outer loop
      vertex -43.5 9.81899128769075 11.02164158560182
      vertex -46.5 9.81899128769075 11.02164158560182
      vertex -43.5 9.698151103935487 11.95068731387932
    endloop
  endfacet
  facet normal -4.520893698501968e-19 0.9916468493961561 0.12898265806951367
    outer loop
      vertex -46.5 9.81899128769075 11.02164158560182
      vertex -46.5 9.698151103935487 11.95068731387932
      vertex -43.5 9.698151103935487 11.95068731387932
    endloop
  endfacet
  facet normal 0 0.9927221697306683 0.12042713035373016
    outer loop
      vertex -43.5 9.698151103935487 11.95068731387932
      vertex -46.5 9.698151103935487 11.95068731387932
      vertex -43.5 9.585326350756489 12.880740479193433
    endloop
  endfacet
  facet normal -1.0351764434495548e-18 0.9927221697306683 0.12042713035373016
    outer loop
      vertex -46.5 9.698151103935487 11.95068731387932
      vertex -46.5 9.585326350756489 12.880740479193433
      vertex -43.5 9.585326350756489 12.880740479193433
    endloop
  endfacet
  facet normal -1.9575111433067164e-19 -0.9937236778280625 -0.11186264847512348
    outer loop
      vertex -42.5 7.598862040572897 12.64844854139353
      vertex -42.5 7.492131959448571 13.596577431559567
      vertex -43.5 7.492131959448571 13.596577431559567
    endloop
  endfacet
  facet normal 0 -0.9946512992228242 -0.10328984923189573
    outer loop
      vertex -42.5 7.492131959448571 13.596577431559567
      vertex -43.5 7.393581333854442 14.545591381288064
      vertex -43.5 7.492131959448571 13.596577431559567
    endloop
  endfacet
  facet normal 1 0 0
    outer loop
      vertex -42.5 7.492131959448571 13.596577431559567
      vertex -42.5 7.989230323849981 13.650366055909322
      vertex -42.5 7.393581333854442 14.545591381288064
    endloop
  endfacet
  facet normal 1 0 0
    outer loop
      vertex -42.5 7.492131959448571 13.596577431559567
      vertex -42.5 8.095478118118791 12.706521525843502
      vertex -42.5 7.989230323849981 13.650366055909322
    endloop
  endfacet
  facet normal 0.8320479148522052 0.5512222658952298 0.062050632320920514
    outer loop
      vertex -43.5 9.585326350756489 12.880740479193433
      vertex -43.5 9.480525417054224 13.811731928958585
      vertex -42.5 7.989230323849981 13.650366055909322
    endloop
  endfacet
  facet normal 0.8320479148522052 0.5517368209758045 0.0572952683003631
    outer loop
      vertex -42.5 7.989230323849981 13.650366055909322
      vertex -43.5 9.480525417054224 13.811731928958585
      vertex -42.5 7.89112502417359 14.595091646172198
    endloop
  endfacet
  facet normal 6.3051180575156754e-18 -0.9946512992228242 -0.10328984923189573
    outer loop
      vertex -42.5 7.492131959448571 13.596577431559567
      vertex -42.5 7.393581333854442 14.545591381288064
      vertex -43.5 7.393581333854442 14.545591381288064
    endloop
  endfacet
  facet normal 0 -0.9955049649431946 -0.09470937004039742
    outer loop
      vertex -42.5 7.393581333854442 14.545591381288064
      vertex -43.5 7.350350254618599 15
      vertex -43.5 7.393581333854442 14.545591381288064
    endloop
  endfacet
  facet normal 1 0 0
    outer loop
      vertex -42.5 7.393581333854442 14.545591381288064
      vertex -42.5 7.89112502417359 14.595091646172198
      vertex -42.5 7.350350254618599 15
    endloop
  endfacet
  facet normal 3.487015371349274e-18 -0.9955049649431946 -0.09470937004039742
    outer loop
      vertex -42.5 7.393581333854442 14.545591381288064
      vertex -42.5 7.350350254618599 15
      vertex -43.5 7.350350254618599 15
    endloop
  endfacet
  facet normal 1 0 0
    outer loop
      vertex -42.5 7.350350254618599 15
      vertex -42.5 7.89112502417359 14.595091646172198
      vertex -42.5 7.852603252343636 15
    endloop
  endfacet
  facet normal 1 0 0
    outer loop
      vertex -42.5 7.393581333854442 14.545591381288064
      vertex -42.5 7.989230323849981 13.650366055909322
      vertex -42.5 7.89112502417359 14.595091646172198
    endloop
  endfacet
  facet normal 0.8320479148522076 0.5517368209758016 0.05729526830035411
    outer loop
      vertex -43.5 9.480525417054224 13.811731928958585
      vertex -43.5 9.383756095131062 14.743592440824612
      vertex -42.5 7.89112502417359 14.595091646172198
    endloop
  endfacet
  facet normal 0.8320479148522076 0.5522103525653144 0.052535644183587374
    outer loop
      vertex -42.5 7.89112502417359 14.595091646172198
      vertex -43.5 9.383756095131062 14.743592440824612
      vertex -42.5 7.852603252343636 15
    endloop
  endfacet
  facet normal 0.832047914852206 0.5522103525653157 0.05253564418360131
    outer loop
      vertex -42.5 7.852603252343636 15
      vertex -43.5 9.383756095131062 14.743592440824612
      vertex -43.5 9.35936224551878 15
    endloop
  endfacet
  facet normal 0 0.9937236778280619 0.11186264847512857
    outer loop
      vertex -43.5 9.585326350756489 12.880740479193433
      vertex -46.5 9.585326350756489 12.880740479193433
      vertex -43.5 9.480525417054224 13.811731928958585
    endloop
  endfacet
  facet normal 3.8606323109552647e-19 0.9937236778280619 0.11186264847512857
    outer loop
      vertex -46.5 9.585326350756489 12.880740479193433
      vertex -46.5 9.480525417054224 13.811731928958585
      vertex -43.5 9.480525417054224 13.811731928958585
    endloop
  endfacet
  facet normal 0 0.9946512992228257 0.10328984923188052
    outer loop
      vertex -43.5 9.480525417054224 13.811731928958585
      vertex -46.5 9.480525417054224 13.811731928958585
      vertex -43.5 9.383756095131062 14.743592440824612
    endloop
  endfacet
  facet normal 4.967764419853537e-19 0.9946512992228257 0.10328984923188052
    outer loop
      vertex -46.5 9.480525417054224 13.811731928958585
      vertex -46.5 9.383756095131062 14.743592440824612
      vertex -43.5 9.383756095131062 14.743592440824612
    endloop
  endfacet
  facet normal 0 0.9955049649431916 0.09470937004042858
    outer loop
      vertex -43.5 9.383756095131062 14.743592440824612
      vertex -46.5 9.383756095131062 14.743592440824612
      vertex -43.5 9.35936224551878 15
    endloop
  endfacet
  facet normal 0 0.9955049649431916 0.09470937004042858
    outer loop
      vertex -43.5 9.35936224551878 15
      vertex -46.5 9.383756095131062 14.743592440824612
      vertex -46.5 9.35936224551878 15
    endloop
  endfacet
  facet normal 0 0 -1
    outer loop
      vertex 46.5 -2.9289116116354874 0
      vertex 42 0.13931809592578726 0
      vertex 43.5 1.6748450450499117 0
    endloop
  endfacet
  facet normal 0 0 -1
    outer loop
      vertex 46.5 -2.9289116116354874 0
      vertex 25 -2.9289116116354874 0
      vertex -42 0.13931809592578726 0
    endloop
  endfacet
  facet normal 0 0 -1
    outer loop
      vertex 46.5 -2.9289116116354874 0
      vertex -42 0.13931809592578726 0
      vertex 42 0.13931809592578726 0
    endloop
  endfacet
  facet normal 0 0 -1
    outer loop
      vertex -42 0.13931809592578726 0
      vertex 25 -2.9289116116354874 0
      vertex 15 -2.9289116116354874 0
    endloop
  endfacet
  facet normal 0 0 -1
    outer loop
      vertex 15 -2.9289116116354874 0
      vertex -46.5 -2.9289116116354874 0
      vertex -42 0.13931809592578726 0
    endloop
  endfacet
  facet normal 0 0 -1
    outer loop
      vertex -46.5 -2.9289116116354874 0
      vertex -43.5 1.6748450450499117 0
      vertex -42 0.13931809592578726 0
    endloop
  endfacet
  facet normal 0 0 -1
    outer loop
      vertex 46.5 -2.9289116116354874 0
      vertex 43.5 1.6748450450499117 0
      vertex 43.5 9.726685317420262 0
    endloop
  endfacet
  facet normal 0 0 -1
    outer loop
      vertex 46.5 -2.9289116116354874 0
      vertex 43.5 9.726685317420262 0
      vertex 46.5 11.782121940828798 0
    endloop
  endfacet
  facet normal 0 0 -1
    outer loop
      vertex 43.5 9.726685317420262 0
      vertex 42.5 9.726685317420262 0
      vertex 42.5 10.240544473272395 0
    endloop
  endfacet
  facet normal 0 0 -1
    outer loop
      vertex 43.5 9.726685317420262 0
      vertex 43.5 11.782121940828798 0
      vertex 46.5 11.782121940828798 0
    endloop
  endfacet
  facet normal 0 0 -1
    outer loop
      vertex 43.5 9.726685317420262 0
      vertex 42.5 10.240544473272395 0
      vertex 43.5 11.782121940828798 0
    endloop
  endfacet
  facet normal 0 0 -1
    outer loop
      vertex -46.5 -2.9289116116354874 0
      vertex -43.5 9.829457150122101 0
      vertex -43.5 1.6748450450499117 0
    endloop
  endfacet
  facet normal 0 0 -1
    outer loop
      vertex -46.5 -2.9289116116354874 0
      vertex -46.5 11.884893773530646 0
      vertex -43.5 9.829457150122101 0
    endloop
  endfacet
  facet normal 0 0 -1
    outer loop
      vertex -42.5 9.829457150122101 0
      vertex -43.5 9.829457150122101 0
      vertex -43.5 11.884893773530646 0
    endloop
  endfacet
  facet normal 0 0 -1
    outer loop
      vertex -42.5 9.829457150122101 0
      vertex -43.5 11.884893773530646 0
      vertex -42.5 10.343316305974241 0
    endloop
  endfacet
  facet normal 0 0 -1
    outer loop
      vertex -43.5 9.829457150122101 0
      vertex -46.5 11.884893773530646 0
      vertex -43.5 11.884893773530646 0
    endloop
  endfacet
  facet normal 0 0 1
    outer loop
      vertex 46.5 -5.150269870598676 15
      vertex 42 -2.1391101249998217 15
      vertex 25.07649769803683 -5.150269870598676 15
    endloop
  endfacet
  facet normal 0 0 1
    outer loop
      vertex 46.5 -5.150269870598676 15
      vertex 43.5 -0.6335302522003686 15
      vertex 42 -2.1391101249998217 15
    endloop
  endfacet
  facet normal 0 0 1
    outer loop
      vertex 42 -2.1391101249998217 15
      vertex 25 -4.951375855588921 15
      vertex 25.07649769803683 -5.150269870598676 15
    endloop
  endfacet
  facet normal 0 0 1
    outer loop
      vertex 42 -2.1391101249998217 15
      vertex 25 -2.717524991386042 15
      vertex 25 -4.951375855588921 15
    endloop
  endfacet
  facet normal 0 0 1
    outer loop
      vertex 46.5 -5.150269870598676 15
      vertex 43.5 7.249899653576758 15
      vertex 43.5 -0.6335302522003686 15
    endloop
  endfacet
  facet normal 0 0 1
    outer loop
      vertex 42 -2.1391101249998217 15
      vertex -42 -2.1391101249998217 15
      vertex 25 -2.717524991386042 15
    endloop
  endfacet
  facet normal 0 0 1
    outer loop
      vertex -46.5 -5.150269870598676 15
      vertex 14.923502301963168 -5.150269870598676 15
      vertex 15 -4.951375855588921 15
    endloop
  endfacet
  facet normal 0 0 1
    outer loop
      vertex -46.5 -5.150269870598676 15
      vertex 15 -4.951375855588921 15
      vertex 15 -3.05776903043676 15
    endloop
  endfacet
  facet normal 0 0 1
    outer loop
      vertex -42 -2.1391101249998217 15
      vertex 15 -3.05776903043676 15
      vertex 25 -2.717524991386042 15
    endloop
  endfacet
  facet normal 0 0 1
    outer loop
      vertex -46.5 -5.150269870598676 15
      vertex 15 -3.05776903043676 15
      vertex -42 -2.1391101249998217 15
    endloop
  endfacet
  facet normal 0 0 1
    outer loop
      vertex -46.5 -5.150269870598676 15
      vertex -42 -2.1391101249998217 15
      vertex -43.5 -0.6335302522003686 15
    endloop
  endfacet
  facet normal 0 0 1
    outer loop
      vertex 46.5 -5.150269870598676 15
      vertex 46.5 9.258911644476939 15
      vertex 43.5 7.249899653576758 15
    endloop
  endfacet
  facet normal 0 0 1
    outer loop
      vertex 43.5 7.249899653576758 15
      vertex 43.5 9.258911644476939 15
      vertex 42.5 7.249899653576758 15
    endloop
  endfacet
  facet normal 0 0 1
    outer loop
      vertex 42.5 7.249899653576758 15
      vertex 43.5 9.258911644476939 15
      vertex 42.5 7.75215265130181 15
    endloop
  endfacet
  facet normal 0 0 1
    outer loop
      vertex 43.5 7.249899653576758 15
      vertex 46.5 9.258911644476939 15
      vertex 43.5 9.258911644476939 15
    endloop
  endfacet
  facet normal 0 0 1
    outer loop
      vertex -46.5 -5.150269870598676 15
      vertex -43.5 -0.6335302522003686 15
      vertex -46.5 9.35936224551878 15
    endloop
  endfacet
  facet normal 0 0 1
    outer loop
      vertex -43.5 -0.6335302522003686 15
      vertex -43.5 7.350350254618599 15
      vertex -46.5 9.35936224551878 15
    endloop
  endfacet
  facet normal 0 0 1
    outer loop
      vertex -42.5 7.350350254618599 15
      vertex -42.5 7.852603252343636 15
      vertex -43.5 7.350350254618599 15
    endloop
  endfacet
  facet normal 0 0 1
    outer loop
      vertex -43.5 7.350350254618599 15
      vertex -42.5 7.852603252343636 15
      vertex -43.5 9.35936224551878 15
    endloop
  endfacet
  facet normal 0 0 1
    outer loop
      vertex -43.5 7.350350254618599 15
      vertex -43.5 9.35936224551878 15
      vertex -46.5 9.35936224551878 15
    endloop
  endfacet
  facet normal 0 0 -1
    outer loop
      vertex 27 -10.151375858569153 0
      vertex 13 -10.151375858569153 0
      vertex 15 -4.951375855588921 0
    endloop
  endfacet
  facet normal 0 0 -1
    outer loop
      vertex 27 -10.151375858569153 0
      vertex 15 -4.951375855588921 0
      vertex 25 -4.951375855588921 0
    endloop
  endfacet
  facet normal 1 0 0
    outer loop
      vertex 25 -4.951375855588921 0
      vertex 25 -2.9289116116354874 0
      vertex 25 -3.0812762844933843 0.7257026341907817
    endloop
  endfacet
  facet normal 1 0 0
    outer loop
      vertex 25 -4.951375855588921 0
      vertex 25 -3.0812762844933843 0.7257026341907817
      vertex 25 -3.290416287355967 1.7663670397025264
    endloop
  endfacet
  facet normal 1 0 0
    outer loop
      vertex 25 -4.951375855588921 0
      vertex 25 -3.290416287355967 1.7663670397025264
      vertex 25 -3.490575115907106 2.808796120767269
    endloop
  endfacet
  facet normal 1 0 0
    outer loop
      vertex 25 -4.951375855588921 0
      vertex 25 -3.490575115907106 2.808796120767269
      vertex 25 -3.6817378876637292 3.852912369271614
    endloop
  endfacet
  facet normal 1 0 0
    outer loop
      vertex 25 -4.951375855588921 0
      vertex 25 -3.6817378876637292 3.852912369271614
      vertex 25 -3.8638903890298195 4.898638151655568
    endloop
  endfacet
  facet normal 1 0 0
    outer loop
      vertex 25 -4.951375855588921 0
      vertex 25 -3.8638903890298195 4.898638151655568
      vertex 25 -4.037019076353403 5.9458957146848626
    endloop
  endfacet
  facet normal 0 0 -1
    outer loop
      vertex 25 -4.951375855588921 0
      vertex 15 -4.951375855588921 0
      vertex 15 -2.9289116116354874 0
    endloop
  endfacet
  facet normal 0 0 -1
    outer loop
      vertex 25 -4.951375855588921 0
      vertex 15 -2.9289116116354874 0
      vertex 25 -2.9289116116354874 0
    endloop
  endfacet
  facet normal -1 0 0
    outer loop
      vertex 15 -4.951375855588921 0
      vertex 15 -3.0812762844933843 0.7257026341907817
      vertex 15 -2.9289116116354874 0
    endloop
  endfacet
  facet normal -1 0 0
    outer loop
      vertex 15 -4.951375855588921 0
      vertex 15 -3.290416287355967 1.7663670397025264
      vertex 15 -3.0812762844933843 0.7257026341907817
    endloop
  endfacet
  facet normal -1 0 0
    outer loop
      vertex 15 -4.951375855588921 0
      vertex 15 -3.490575115907106 2.808796120767269
      vertex 15 -3.290416287355967 1.7663670397025264
    endloop
  endfacet
  facet normal -1 0 0
    outer loop
      vertex 15 -4.951375855588921 0
      vertex 15 -3.6817378876637292 3.852912369271614
      vertex 15 -3.490575115907106 2.808796120767269
    endloop
  endfacet
  facet normal -1 0 0
    outer loop
      vertex 15 -4.951375855588921 0
      vertex 15 -3.8638903890298195 4.898638151655568
      vertex 15 -3.6817378876637292 3.852912369271614
    endloop
  endfacet
  facet normal -1 0 0
    outer loop
      vertex 15 -4.951375855588921 0
      vertex 15 -4.037019076353403 5.9458957146848626
      vertex 15 -3.8638903890298195 4.898638151655568
    endloop
  endfacet
  facet normal 0.9333456062719927 0.35897907912964316 0
    outer loop
      vertex 27 -10.151375858569153 0
      vertex 25 -4.951375855588921 0
      vertex 27 -10.151375858569153 15
    endloop
  endfacet
  facet normal 1 0 0
    outer loop
      vertex 25 -4.951375855588921 0
      vertex 25 -4.5021368875059835 9.096079881652695
      vertex 25 -4.6390483152156605 10.148684843952873
    endloop
  endfacet
  facet normal 1 0 0
    outer loop
      vertex 25 -4.951375855588921 0
      vertex 25 -4.6390483152156605 10.148684843952873
      vertex 25 -4.7668782932800156 11.202431228243006
    endloop
  endfacet
  facet normal 0 -1 0
    outer loop
      vertex 27 -10.151375858569153 0
      vertex 13 -10.151375858569153 15
      vertex 13 -10.151375858569153 0
    endloop
  endfacet
  facet normal -0.9333456062719926 0.35897907912964305 0
    outer loop
      vertex 13 -10.151375858569153 0
      vertex 15 -4.951375855588921 12.890476343805265
      vertex 15 -4.951375855588921 0
    endloop
  endfacet
  facet normal -1 0 0
    outer loop
      vertex 15 -4.951375855588921 0
      vertex 15 -4.6390483152156605 10.148684843952873
      vertex 15 -4.5021368875059835 9.096079881652695
    endloop
  endfacet
  facet normal -1 0 0
    outer loop
      vertex 15 -4.951375855588921 0
      vertex 15 -4.7668782932800156 11.202431228243006
      vertex 15 -4.6390483152156605 10.148684843952873
    endloop
  endfacet
  facet normal 1 0 0
    outer loop
      vertex 25 -4.951375855588921 0
      vertex 25 -4.037019076353403 5.9458957146848626
      vertex 25 -4.201111076933373 6.9946071912322125
    endloop
  endfacet
  facet normal 1 0 0
    outer loop
      vertex 25 -4.951375855588921 0
      vertex 25 -4.201111076933373 6.9946071912322125
      vertex 25 -4.356154189976792 8.04469460606693
    endloop
  endfacet
  facet normal 1 0 0
    outer loop
      vertex 25 -4.951375855588921 0
      vertex 25 -4.356154189976792 8.04469460606693
      vertex 25 -4.5021368875059835 9.096079881652695
    endloop
  endfacet
  facet normal -1 0 0
    outer loop
      vertex 15 -4.951375855588921 0
      vertex 15 -4.201111076933373 6.9946071912322125
      vertex 15 -4.037019076353403 5.9458957146848626
    endloop
  endfacet
  facet normal -1 0 0
    outer loop
      vertex 15 -4.951375855588921 0
      vertex 15 -4.356154189976792 8.04469460606693
      vertex 15 -4.201111076933373 6.9946071912322125
    endloop
  endfacet
  facet normal -1 0 0
    outer loop
      vertex 15 -4.951375855588921 0
      vertex 15 -4.5021368875059835 9.096079881652695
      vertex 15 -4.356154189976792 8.04469460606693
    endloop
  endfacet
  facet normal 1 0 0
    outer loop
      vertex 25 -4.951375855588921 0
      vertex 25 -4.7668782932800156 11.202431228243006
      vertex 25 -4.885617317109578 12.257240684930068
    endloop
  endfacet
  facet normal 1 0 0
    outer loop
      vertex 25 -4.951375855588921 0
      vertex 25 -4.885617317109578 12.257240684930068
      vertex 25 -4.951375855588921 12.890476343805265
    endloop
  endfacet
  facet normal 0.9333456062719926 0.35897907912964305 0
    outer loop
      vertex 25 -4.951375855588921 0
      vertex 25 -4.951375855588921 12.890476343805265
      vertex 27 -10.151375858569153 15
    endloop
  endfacet
  facet normal -1 0 0
    outer loop
      vertex 15 -4.951375855588921 0
      vertex 15 -4.885617317109578 12.257240684930068
      vertex 15 -4.7668782932800156 11.202431228243006
    endloop
  endfacet
  facet normal -1 0 0
    outer loop
      vertex 15 -4.951375855588921 0
      vertex 15 -4.951375855588921 12.890476343805265
      vertex 15 -4.885617317109578 12.257240684930068
    endloop
  endfacet
  facet normal -0.933345606271994 0.3589790791296397 1.4211645648346666e-15
    outer loop
      vertex 13 -10.151375858569153 0
      vertex 14.983122806752323 -4.995256558058031 13.313034785378019
      vertex 15 -4.951375855588921 12.890476343805265
    endloop
  endfacet
  facet normal -0.9333456062719926 0.35897907912964316 5.266976162434726e-17
    outer loop
      vertex 13 -10.151375858569153 0
      vertex 14.944456919843544 -5.095787864078474 14.369735027739242
      vertex 14.983122806752323 -4.995256558058031 13.313034785378019
    endloop
  endfacet
  facet normal 0 -1 0
    outer loop
      vertex 27 -10.151375858569153 0
      vertex 27 -10.151375858569153 15
      vertex 13 -10.151375858569153 15
    endloop
  endfacet
  facet normal -0.9333456062719926 0.3589790791296432 0
    outer loop
      vertex 13 -10.151375858569153 0
      vertex 13 -10.151375858569153 15
      vertex 14.923502301963168 -5.150269870598676 15
    endloop
  endfacet
  facet normal -0.9333456062719921 0.35897907912964405 -3.938546346833005e-16
    outer loop
      vertex 13 -10.151375858569153 0
      vertex 14.923502301963168 -5.150269870598676 15
      vertex 14.944456919843544 -5.095787864078474 14.369735027739242
    endloop
  endfacet
  facet normal 0.9333456062719925 0.35897907912964383 1.5754512143612189e-15
    outer loop
      vertex 27 -10.151375858569153 15
      vertex 25 -4.951375855588921 12.890476343805265
      vertex 25.016877193247677 -4.995256558058031 13.313034785378019
    endloop
  endfacet
  facet normal 0.9333456062719927 0.3589790791296427 -1.5594390713457116e-15
    outer loop
      vertex 27 -10.151375858569153 15
      vertex 25.016877193247677 -4.995256558058031 13.313034785378019
      vertex 25.055543080156458 -5.095787864078474 14.369735027739242
    endloop
  endfacet
  facet normal 0.9333456062719926 0.3589790791296432 2.1979282483711487e-15
    outer loop
      vertex 27 -10.151375858569153 15
      vertex 25.055543080156458 -5.095787864078474 14.369735027739242
      vertex 25.07649769803683 -5.150269870598676 15
    endloop
  endfacet
  facet normal 0 0 1
    outer loop
      vertex 27 -10.151375858569153 15
      vertex 14.923502301963168 -5.150269870598676 15
      vertex 13 -10.151375858569153 15
    endloop
  endfacet
  facet normal 0 0 1
    outer loop
      vertex 27 -10.151375858569153 15
      vertex 25.07649769803683 -5.150269870598676 15
      vertex 15 -4.951375855588921 15
    endloop
  endfacet
  facet normal 0 0 1
    outer loop
      vertex 27 -10.151375858569153 15
      vertex 15 -4.951375855588921 15
      vertex 14.923502301963168 -5.150269870598676 15
    endloop
  endfacet
  facet normal 0 0 1
    outer loop
      vertex 25.07649769803683 -5.150269870598676 15
      vertex 25 -4.951375855588921 15
      vertex 15 -4.951375855588921 15
    endloop
  endfacet
  facet normal 0 0 1
    outer loop
      vertex 25 -4.951375855588921 15
      vertex 25 -2.717524991386042 15
      vertex 15 -4.951375855588921 15
    endloop
  endfacet
  facet normal 0 0 1
    outer loop
      vertex 15 -4.951375855588921 15
      vertex 25 -2.717524991386042 15
      vertex 15 -3.05776903043676 15
    endloop
  endfacet
endsolid OpenSCAD_Model
