solid OpenSCAD_Model
  facet normal 0 -0.9962846115162411 0.08612184888826024
    outer loop
      vertex 46.5 -5.150269870598679 0
      vertex 46.5 -5.095787864078474 0.6302649722607949
      vertex 25.076497698036835 -5.150269870598679 0
    endloop
  endfacet
  facet normal 0 -0.9955049649431938 0.0947093700404049
    outer loop
      vertex 46.5 -5.095787864078474 0.6302649722607949
      vertex 46.5 -4.995256558058031 1.6869652146220169
      vertex 25.055543080156458 -5.095787864078474 0.6302649722607949
    endloop
  endfacet
  facet normal 0 -0.9962846115162413 0.08612184888826026
    outer loop
      vertex 46.5 -5.095787864078474 0.6302649722607949
      vertex 25.055543080156458 -5.095787864078474 0.6302649722607949
      vertex 25.076497698036835 -5.150269870598679 0
    endloop
  endfacet
  facet normal 0 -0.9955049649431938 0.0947093700404049
    outer loop
      vertex 46.5 -4.995256558058031 1.6869652146220169
      vertex 25.016877193247677 -4.995256558058031 1.6869652146220169
      vertex 25.055543080156458 -5.095787864078474 0.6302649722607949
    endloop
  endfacet
  facet normal 0 -0.9946512992228254 0.10328984923188558
    outer loop
      vertex 46.5 -4.995256558058031 1.6869652146220169
      vertex 46.5 -4.885617317109578 2.742759315069975
      vertex 25.016877193247677 -4.995256558058031 1.6869652146220169
    endloop
  endfacet
  facet normal 0 -0.993723677828062 0.11186264847512865
    outer loop
      vertex 46.5 -4.885617317109578 2.742759315069975
      vertex 46.5 -4.7668782932800156 3.797568771757037
      vertex 25 -4.885617317109578 2.742759315069975
    endloop
  endfacet
  facet normal 2.206739812820625e-18 -0.9946512992228254 0.10328984923188553
    outer loop
      vertex 46.5 -4.885617317109578 2.742759315069975
      vertex 25 -4.951375855588921 2.1095236561947743
      vertex 25.016877193247677 -4.995256558058031 1.6869652146220169
    endloop
  endfacet
  facet normal 0 -0.9946512992228254 0.10328984923188558
    outer loop
      vertex 46.5 -4.885617317109578 2.742759315069975
      vertex 25 -4.885617317109578 2.742759315069975
      vertex 25 -4.951375855588921 2.1095236561947743
    endloop
  endfacet
  facet normal 0 -0.993723677828062 0.11186264847512865
    outer loop
      vertex 46.5 -4.7668782932800156 3.797568771757037
      vertex 25 -4.7668782932800156 3.797568771757037
      vertex 25 -4.885617317109578 2.742759315069975
    endloop
  endfacet
  facet normal -0.7071034951626866 0.7044828785947308 -0.060897626354354716
    outer loop
      vertex 42 -2.139110124999816 0
      vertex 42 -2.1080757309526916 0.3590156228182426
      vertex 43.5 -0.6142196643898075 0.22339094809696292
    endloop
  endfacet
  facet normal -0.7071034951626883 0.7044828785947301 -0.0608976263543394
    outer loop
      vertex 42 -2.139110124999816 0
      vertex 43.5 -0.6142196643898075 0.22339094809696292
      vertex 43.5 -0.6335302522003827 0
    endloop
  endfacet
  facet normal -0.7071034951626864 0.7039315826540751 -0.06696994901328474
    outer loop
      vertex 42 -2.1080757309526916 0.3590156228182426
      vertex 43.5 -0.5173633451856574 1.2414628306647817
      vertex 43.5 -0.6142196643898075 0.22339094809696292
    endloop
  endfacet
  facet normal 1 0 0
    outer loop
      vertex 46.5 -5.150269870598679 0
      vertex 46.5 9.258911644476937 0
      vertex 46.5 -5.095787864078474 0.6302649722607949
    endloop
  endfacet
  facet normal 1 0 0
    outer loop
      vertex 46.5 -5.095787864078474 0.6302649722607949
      vertex 46.5 9.258911644476937 0
      vertex 46.5 -4.995256558058031 1.6869652146220169
    endloop
  endfacet
  facet normal -0.7071034951626879 0.7039315826540737 -0.06696994901327999
    outer loop
      vertex 42 -2.1080757309526916 0.3590156228182426
      vertex 42 -2.0099944161431154 1.3899636253171916
      vertex 43.5 -0.5173633451856574 1.2414628306647817
    endloop
  endfacet
  facet normal -0.707103495162688 0.7033279470291829 -0.07303729223092408
    outer loop
      vertex 42 -2.0099944161431154 1.3899636253171916
      vertex 43.5 -0.4117320374968614 2.2586616959221786
      vertex 43.5 -0.5173633451856574 1.2414628306647817
    endloop
  endfacet
  facet normal 1 0 0
    outer loop
      vertex 46.5 -4.995256558058031 1.6869652146220169
      vertex 46.5 9.284247355584426 0.2663076122997641
      vertex 46.5 -4.885617317109578 2.742759315069975
    endloop
  endfacet
  facet normal -0.7071034951626879 0.703327947029183 -0.07303729223092449
    outer loop
      vertex 42 -2.0099944161431154 1.3899636253171916
      vertex 42 -1.9030271307011049 2.42002756897144
      vertex 43.5 -0.4117320374968614 2.2586616959221786
    endloop
  endfacet
  facet normal -0.7071034951626879 0.7026720166023973 -0.07909920487989079
    outer loop
      vertex 42 -1.9030271307011049 2.42002756897144
      vertex 43.5 -0.29733359536692205 3.2749119117072567
      vertex 43.5 -0.4117320374968614 2.2586616959221786
    endloop
  endfacet
  facet normal 1 0 0
    outer loop
      vertex 46.5 -4.885617317109578 2.742759315069975
      vertex 46.5 9.381105742692469 1.1990257960717
      vertex 46.5 -4.7668782932800156 3.797568771757037
    endloop
  endfacet
  facet normal -0.7071034951626856 0.7026720166023989 -0.07909920487989755
    outer loop
      vertex 42 -1.9030271307011049 2.42002756897144
      vertex 42 -1.7871818280046057 3.449130865057187
      vertex 43.5 -0.29733359536692205 3.2749119117072567
    endloop
  endfacet
  facet normal -0.7071034951626856 0.7019638401443583 -0.08515523623653182
    outer loop
      vertex 42 -1.7871818280046057 3.449130865057187
      vertex 43.5 -0.17417652470535927 4.290137916393421
      vertex 43.5 -0.29733359536692205 3.2749119117072567
    endloop
  endfacet
  facet normal 1 0 0
    outer loop
      vertex 46.5 -4.7668782932800156 3.797568771757037
      vertex 46.5 9.486003133767284 2.1308741178696664
      vertex 46.5 -4.6390483152156605 4.851315156047166
    endloop
  endfacet
  facet normal 0 0.9962846115162404 -0.08612184888827082
    outer loop
      vertex 42 -2.139110124999816 0
      vertex -42 -2.139110124999816 0
      vertex 42 -2.1080757309526916 0.3590156228182426
    endloop
  endfacet
  facet normal 0 0.9955049649431938 -0.09470937004040524
    outer loop
      vertex 42 -2.1080757309526916 0.3590156228182426
      vertex -42 -2.1080757309526916 0.3590156228182426
      vertex 42 -2.0099944161431154 1.3899636253171916
    endloop
  endfacet
  facet normal 0 0.9946512992228267 -0.10328984923187191
    outer loop
      vertex 42 -2.0099944161431154 1.3899636253171916
      vertex -42 -2.0099944161431154 1.3899636253171916
      vertex 42 -1.9030271307011049 2.42002756897144
    endloop
  endfacet
  facet normal 0 0.9937236778280583 -0.11186264847516136
    outer loop
      vertex 42 -1.9030271307011049 2.42002756897144
      vertex -42 -1.9030271307011049 2.42002756897144
      vertex 42 -1.7871818280046057 3.449130865057187
    endloop
  endfacet
  facet normal 0 -0.9927221697306693 0.12042713035372181
    outer loop
      vertex 46.5 -4.7668782932800156 3.797568771757037
      vertex 46.5 -4.6390483152156605 4.851315156047166
      vertex 25 -4.7668782932800156 3.797568771757037
    endloop
  endfacet
  facet normal 0 -0.9927221697306693 0.12042713035372181
    outer loop
      vertex 46.5 -4.6390483152156605 4.851315156047166
      vertex 25 -4.6390483152156605 4.851315156047166
      vertex 25 -4.7668782932800156 3.797568771757037
    endloop
  endfacet
  facet normal 0 -0.9916468493961554 0.12898265806952006
    outer loop
      vertex 46.5 -4.6390483152156605 4.851315156047166
      vertex 46.5 -4.502136887505969 5.903920118347351
      vertex 25 -4.6390483152156605 4.851315156047166
    endloop
  endfacet
  facet normal 0 -0.9916468493961554 0.12898265806952006
    outer loop
      vertex 46.5 -4.502136887505969 5.903920118347351
      vertex 25 -4.502136887505969 5.903920118347351
      vertex 25 -4.6390483152156605 4.851315156047166
    endloop
  endfacet
  facet normal -0.7071034951626868 0.7019638401443575 -0.08515523623652807
    outer loop
      vertex 42 -1.7871818280046057 3.449130865057187
      vertex 42 -1.6624671215421216 4.477196996277998
      vertex 43.5 -0.17417652470535927 4.290137916393421
    endloop
  endfacet
  facet normal 1 0 0
    outer loop
      vertex 46.5 -4.6390483152156605 4.851315156047166
      vertex 46.5 9.598931729334552 3.0617832916321763
      vertex 46.5 -4.502136887505969 5.903920118347351
    endloop
  endfacet
  facet normal -0.7071034951626869 0.7012034703103622 -0.09120493601454448
    outer loop
      vertex 42 -1.6624671215421216 4.477196996277998
      vertex 43.5 -0.04226998265518489 5.304264224507623
      vertex 43.5 -0.17417652470535927 4.290137916393421
    endloop
  endfacet
  facet normal -0.7071034951626891 0.7012034703103609 -0.09120493601453787
    outer loop
      vertex 42 -1.6624671215421216 4.477196996277998
      vertex 42 -1.5288922842721178 5.504149522454199
      vertex 43.5 -0.04226998265518489 5.304264224507623
    endloop
  endfacet
  facet normal 1 0 0
    outer loop
      vertex 46.5 -4.502136887505969 5.903920118347351
      vertex 46.5 9.719883132772807 3.9916841011265642
      vertex 46.5 -4.3561541899767775 6.955305393933109
    endloop
  endfacet
  facet normal 0 -0.99049779677821 0.1375285954902172
    outer loop
      vertex 46.5 -4.502136887505969 5.903920118347351
      vertex 46.5 -4.3561541899767775 6.955305393933109
      vertex 25 -4.502136887505969 5.903920118347351
    endloop
  endfacet
  facet normal 0 -0.9892750973127649 0.14606430719658883
    outer loop
      vertex 46.5 -4.3561541899767775 6.955305393933109
      vertex 46.5 -4.201111076933373 8.005392808767816
      vertex 25 -4.3561541899767775 6.955305393933109
    endloop
  endfacet
  facet normal 0 -0.99049779677821 0.1375285954902172
    outer loop
      vertex 46.5 -4.3561541899767775 6.955305393933109
      vertex 25 -4.3561541899767775 6.955305393933109
      vertex 25 -4.502136887505969 5.903920118347351
    endloop
  endfacet
  facet normal -0.7071034951626907 0.7003909636364729 -0.09724785439833283
    outer loop
      vertex 42 -1.5288922842721178 5.504149522454199
      vertex 42 -1.3864672479336946 6.5299120862063305
      vertex 43.5 0.0983762230878682 6.317215432342952
    endloop
  endfacet
  facet normal -0.7071034951626892 0.7003909636364741 -0.0972478543983381
    outer loop
      vertex 42 -1.5288922842721178 5.504149522454199
      vertex 43.5 0.0983762230878682 6.317215432342952
      vertex 43.5 -0.04226998265518489 5.304264224507623
    endloop
  endfacet
  facet normal -0.7071034951626893 0.6995263805353006 -0.10328354207660966
    outer loop
      vertex 42 -1.3864672479336946 6.5299120862063305
      vertex 42 -1.2352026023080072 7.554408418632708
      vertex 43.5 0.24775163500467556 7.328916223565162
    endloop
  endfacet
  facet normal -0.7071034951626907 0.6995263805352996 -0.10328354207660495
    outer loop
      vertex 42 -1.3864672479336946 6.5299120862063305
      vertex 43.5 0.24775163500467556 7.328916223565162
      vertex 43.5 0.0983762230878682 6.317215432342952
    endloop
  endfacet
  facet normal 1 0 0
    outer loop
      vertex 46.5 -4.3561541899767775 6.955305393933109
      vertex 46.5 9.848848350937743 4.920507405095426
      vertex 46.5 -4.201111076933373 8.005392808767816
    endloop
  endfacet
  facet normal 0 0.992722169730671 -0.12042713035370803
    outer loop
      vertex 42 -1.7871818280046057 3.449130865057187
      vertex -42 -1.7871818280046057 3.449130865057187
      vertex 42 -1.6624671215421216 4.477196996277998
    endloop
  endfacet
  facet normal 0 0.9916468493961568 -0.12898265806950923
    outer loop
      vertex 42 -1.6624671215421216 4.477196996277998
      vertex -42 -1.6624671215421216 4.477196996277998
      vertex 42 -1.5288922842721178 5.504149522454199
    endloop
  endfacet
  facet normal 0 0.9904977967782114 -0.1375285954902073
    outer loop
      vertex 42 -1.5288922842721178 5.504149522454199
      vertex -42 -1.5288922842721178 5.504149522454199
      vertex 42 -1.3864672479336946 6.5299120862063305
    endloop
  endfacet
  facet normal 0 0.9892750973127611 -0.14606430719661548
    outer loop
      vertex 42 -1.3864672479336946 6.5299120862063305
      vertex -42 -1.3864672479336946 6.5299120862063305
      vertex 42 -1.2352026023080072 7.554408418632708
    endloop
  endfacet
  facet normal 0 -0.9962846115162413 0.08612184888826026
    outer loop
      vertex -46.5 -5.095787864078474 0.6302649722607949
      vertex 14.923502301963167 -5.150269870598679 0
      vertex 14.944456919843544 -5.095787864078474 0.6302649722607949
    endloop
  endfacet
  facet normal 0 -0.9955049649431937 0.09470937004040489
    outer loop
      vertex -46.5 -4.995256558058031 1.6869652146220169
      vertex 14.944456919843544 -5.095787864078474 0.6302649722607949
      vertex 14.983122806752323 -4.995256558058031 1.6869652146220169
    endloop
  endfacet
  facet normal -2.8539456246915705e-19 -0.9946512992228252 0.10328984923188551
    outer loop
      vertex -46.5 -4.885617317109578 2.742759315069975
      vertex 14.983122806752323 -4.995256558058031 1.6869652146220169
      vertex 15 -4.951375855588921 2.1095236561947743
    endloop
  endfacet
  facet normal 0 -0.9946512992228254 0.10328984923188561
    outer loop
      vertex -46.5 -4.885617317109578 2.742759315069975
      vertex 15 -4.951375855588921 2.1095236561947743
      vertex 15 -4.885617317109578 2.742759315069975
    endloop
  endfacet
  facet normal 0 -0.9937236778280619 0.11186264847512867
    outer loop
      vertex -46.5 -4.885617317109578 2.742759315069975
      vertex 15 -4.885617317109578 2.742759315069975
      vertex 15 -4.7668782932800156 3.797568771757037
    endloop
  endfacet
  facet normal 0 -0.9962846115162413 0.08612184888826026
    outer loop
      vertex -46.5 -5.150269870598679 0
      vertex 14.923502301963167 -5.150269870598679 0
      vertex -46.5 -5.095787864078474 0.6302649722607949
    endloop
  endfacet
  facet normal 0 -0.995504964943194 0.09470937004040492
    outer loop
      vertex -46.5 -5.095787864078474 0.6302649722607949
      vertex 14.944456919843544 -5.095787864078474 0.6302649722607949
      vertex -46.5 -4.995256558058031 1.6869652146220169
    endloop
  endfacet
  facet normal 0 -0.9946512992228254 0.10328984923188557
    outer loop
      vertex -46.5 -4.995256558058031 1.6869652146220169
      vertex 14.983122806752323 -4.995256558058031 1.6869652146220169
      vertex -46.5 -4.885617317109578 2.742759315069975
    endloop
  endfacet
  facet normal -1.6451313277217888e-19 -0.9937236778280619 0.11186264847512867
    outer loop
      vertex -46.5 -4.885617317109578 2.742759315069975
      vertex 15 -4.7668782932800156 3.797568771757037
      vertex -46.5 -4.7668782932800156 3.797568771757037
    endloop
  endfacet
  facet normal 0 0.9962846115162404 -0.08612184888827082
    outer loop
      vertex 42 -2.1080757309526916 0.3590156228182426
      vertex -42 -2.139110124999816 0
      vertex -42 -2.1080757309526916 0.3590156228182426
    endloop
  endfacet
  facet normal 0 0.9955049649431938 -0.09470937004040524
    outer loop
      vertex 42 -2.0099944161431154 1.3899636253171916
      vertex -42 -2.1080757309526916 0.3590156228182426
      vertex -42 -2.0099944161431154 1.3899636253171916
    endloop
  endfacet
  facet normal 0 0.9946512992228267 -0.10328984923187191
    outer loop
      vertex 42 -1.9030271307011049 2.42002756897144
      vertex -42 -2.0099944161431154 1.3899636253171916
      vertex -42 -1.9030271307011049 2.42002756897144
    endloop
  endfacet
  facet normal 0 0.9937236778280583 -0.11186264847516136
    outer loop
      vertex 42 -1.7871818280046057 3.449130865057187
      vertex -42 -1.9030271307011049 2.42002756897144
      vertex -42 -1.7871818280046057 3.449130865057187
    endloop
  endfacet
  facet normal 0.7071034951626877 0.7044828785947296 -0.06089762635435461
    outer loop
      vertex -42 -2.139110124999816 0
      vertex -43.5 -0.6335302522003827 0
      vertex -42 -2.1080757309526916 0.3590156228182426
    endloop
  endfacet
  facet normal 0.7071034951626864 0.704482878594732 -0.060897626354339096
    outer loop
      vertex -42 -2.1080757309526916 0.3590156228182426
      vertex -43.5 -0.6335302522003827 0
      vertex -43.5 -0.6142196643898075 0.22339094809696292
    endloop
  endfacet
  facet normal 0.7071034951626863 0.7039315826540753 -0.06696994901328014
    outer loop
      vertex -42 -2.1080757309526916 0.3590156228182426
      vertex -43.5 -0.6142196643898075 0.22339094809696292
      vertex -42 -2.0099944161431154 1.3899636253171916
    endloop
  endfacet
  facet normal -1 0 0
    outer loop
      vertex -46.5 -5.150269870598679 0
      vertex -46.5 -5.095787864078474 0.6302649722607949
      vertex -46.5 9.383756095131048 0.2564075591754129
    endloop
  endfacet
  facet normal -1 0 0
    outer loop
      vertex -46.5 -5.095787864078474 0.6302649722607949
      vertex -46.5 -4.995256558058031 1.6869652146220169
      vertex -46.5 9.383756095131048 0.2564075591754129
    endloop
  endfacet
  facet normal 0.707103495162688 0.7039315826540734 -0.06696994901328458
    outer loop
      vertex -42 -2.0099944161431154 1.3899636253171916
      vertex -43.5 -0.6142196643898075 0.22339094809696292
      vertex -43.5 -0.5173633451856574 1.2414628306647817
    endloop
  endfacet
  facet normal 0.707103495162688 0.7033279470291829 -0.07303729223092448
    outer loop
      vertex -42 -2.0099944161431154 1.3899636253171916
      vertex -43.5 -0.5173633451856574 1.2414628306647817
      vertex -42 -1.9030271307011049 2.42002756897144
    endloop
  endfacet
  facet normal -1 0 0
    outer loop
      vertex -46.5 -4.995256558058031 1.6869652146220169
      vertex -46.5 -4.885617317109578 2.742759315069975
      vertex -46.5 9.480525417054224 1.188268071041449
    endloop
  endfacet
  facet normal 0.7071034951626879 0.703327947029183 -0.07303729223092409
    outer loop
      vertex -42 -1.9030271307011049 2.42002756897144
      vertex -43.5 -0.5173633451856574 1.2414628306647817
      vertex -43.5 -0.4117320374968614 2.2586616959221786
    endloop
  endfacet
  facet normal 0.7071034951626878 0.7026720166023965 -0.0790992048798973
    outer loop
      vertex -42 -1.9030271307011049 2.42002756897144
      vertex -43.5 -0.4117320374968614 2.2586616959221786
      vertex -42 -1.7871818280046057 3.449130865057187
    endloop
  endfacet
  facet normal 0.7071034951626854 0.7026720166023995 -0.07909920487989103
    outer loop
      vertex -42 -1.7871818280046057 3.449130865057187
      vertex -43.5 -0.4117320374968614 2.2586616959221786
      vertex -43.5 -0.29733359536692205 3.2749119117072567
    endloop
  endfacet
  facet normal 0.7071034951626856 0.7019638401443588 -0.08515523623652822
    outer loop
      vertex -42 -1.7871818280046057 3.449130865057187
      vertex -43.5 -0.29733359536692205 3.2749119117072567
      vertex -42 -1.6624671215421216 4.477196996277998
    endloop
  endfacet
  facet normal -1 0 0
    outer loop
      vertex -46.5 -4.885617317109578 2.742759315069975
      vertex -46.5 -4.7668782932800156 3.797568771757037
      vertex -46.5 9.585326350756503 2.1192595208066045
    endloop
  endfacet
  facet normal 0 -0.9927221697306693 0.12042713035372181
    outer loop
      vertex -46.5 -4.7668782932800156 3.797568771757037
      vertex 15 -4.7668782932800156 3.797568771757037
      vertex 15 -4.6390483152156605 4.851315156047166
    endloop
  endfacet
  facet normal -6.469324439094646e-20 -0.9927221697306693 0.12042713035372181
    outer loop
      vertex -46.5 -4.7668782932800156 3.797568771757037
      vertex 15 -4.6390483152156605 4.851315156047166
      vertex -46.5 -4.6390483152156605 4.851315156047166
    endloop
  endfacet
  facet normal 0 -0.9916468493961554 0.12898265806952003
    outer loop
      vertex -46.5 -4.6390483152156605 4.851315156047166
      vertex 15 -4.6390483152156605 4.851315156047166
      vertex 15 -4.502136887505969 5.903920118347351
    endloop
  endfacet
  facet normal 0 0.992722169730671 -0.12042713035370803
    outer loop
      vertex 42 -1.6624671215421216 4.477196996277998
      vertex -42 -1.7871818280046057 3.449130865057187
      vertex -42 -1.6624671215421216 4.477196996277998
    endloop
  endfacet
  facet normal 0 0.9916468493961568 -0.12898265806950923
    outer loop
      vertex 42 -1.5288922842721178 5.504149522454199
      vertex -42 -1.6624671215421216 4.477196996277998
      vertex -42 -1.5288922842721178 5.504149522454199
    endloop
  endfacet
  facet normal 0 -0.9904977967782099 0.13752859549021718
    outer loop
      vertex -46.5 -4.502136887505969 5.903920118347351
      vertex 15 -4.502136887505969 5.903920118347351
      vertex 15 -4.3561541899767775 6.955305393933109
    endloop
  endfacet
  facet normal 0 -0.9892750973127649 0.1460643071965888
    outer loop
      vertex -46.5 -4.3561541899767775 6.955305393933109
      vertex 15 -4.3561541899767775 6.955305393933109
      vertex 15 -4.201111076933373 8.005392808767816
    endloop
  endfacet
  facet normal 0 0.9904977967782114 -0.1375285954902073
    outer loop
      vertex 42 -1.3864672479336946 6.5299120862063305
      vertex -42 -1.5288922842721178 5.504149522454199
      vertex -42 -1.3864672479336946 6.5299120862063305
    endloop
  endfacet
  facet normal -1.5156097719658041e-19 0.9892750973127611 -0.14606430719661548
    outer loop
      vertex -42 -1.3864672479336946 6.5299120862063305
      vertex -42 -1.2352026023080072 7.554408418632708
      vertex 42 -1.2352026023080072 7.554408418632708
    endloop
  endfacet
  facet normal 1.8854361593137096e-19 -0.9916468493961554 0.12898265806952003
    outer loop
      vertex -46.5 -4.6390483152156605 4.851315156047166
      vertex 15 -4.502136887505969 5.903920118347351
      vertex -46.5 -4.502136887505969 5.903920118347351
    endloop
  endfacet
  facet normal 0.7071034951626868 0.7019638401443572 -0.08515523623653168
    outer loop
      vertex -43.5 -0.29733359536692205 3.2749119117072567
      vertex -43.5 -0.17417652470535927 4.290137916393421
      vertex -42 -1.6624671215421216 4.477196996277998
    endloop
  endfacet
  facet normal -1 0 0
    outer loop
      vertex -46.5 -4.7668782932800156 3.797568771757037
      vertex -46.5 -4.6390483152156605 4.851315156047166
      vertex -46.5 9.698151103935487 3.049312686120711
    endloop
  endfacet
  facet normal 0.7071034951626869 0.701203470310363 -0.09120493601453815
    outer loop
      vertex -42 -1.6624671215421216 4.477196996277998
      vertex -43.5 -0.17417652470535927 4.290137916393421
      vertex -42 -1.5288922842721178 5.504149522454199
    endloop
  endfacet
  facet normal 0.7071034951626891 0.70120347031036 -0.0912049360145442
    outer loop
      vertex -42 -1.5288922842721178 5.504149522454199
      vertex -43.5 -0.17417652470535927 4.290137916393421
      vertex -43.5 -0.04226998265518489 5.304264224507623
    endloop
  endfacet
  facet normal -1 0 0
    outer loop
      vertex -46.5 -4.6390483152156605 4.851315156047166
      vertex -46.5 -4.502136887505969 5.903920118347351
      vertex -46.5 9.81899128769075 3.9783584143982242
    endloop
  endfacet
  facet normal -1.2008614095201654e-19 -0.9904977967782099 0.13752859549021718
    outer loop
      vertex -46.5 -4.502136887505969 5.903920118347351
      vertex 15 -4.3561541899767775 6.955305393933109
      vertex -46.5 -4.3561541899767775 6.955305393933109
    endloop
  endfacet
  facet normal 0.707103495162689 0.7003909636364747 -0.09724785439833307
    outer loop
      vertex -42 -1.5288922842721178 5.504149522454199
      vertex -43.5 -0.04226998265518489 5.304264224507623
      vertex -42 -1.3864672479336946 6.5299120862063305
    endloop
  endfacet
  facet normal 0.7071034951626909 0.7003909636364725 -0.09724785439833786
    outer loop
      vertex -42 -1.3864672479336946 6.5299120862063305
      vertex -43.5 -0.04226998265518489 5.304264224507623
      vertex -43.5 0.0983762230878682 6.317215432342952
    endloop
  endfacet
  facet normal -1 0 0
    outer loop
      vertex -46.5 -4.502136887505969 5.903920118347351
      vertex -46.5 -4.3561541899767775 6.955305393933109
      vertex -46.5 9.94783791714758 4.906327627959909
    endloop
  endfacet
  facet normal 0.7071034951626908 0.6995263805352989 -0.10328354207660943
    outer loop
      vertex -42 -1.3864672479336946 6.5299120862063305
      vertex -43.5 0.0983762230878682 6.317215432342952
      vertex -42 -1.2352026023080072 7.554408418632708
    endloop
  endfacet
  facet normal -1 0 0
    outer loop
      vertex -46.5 -4.3561541899767775 6.955305393933109
      vertex -46.5 -4.201111076933373 8.005392808767816
      vertex -46.5 10.084681412125107 5.833151329169048
    endloop
  endfacet
  facet normal 0.7071034951626892 0.6995263805353011 -0.10328354207660519
    outer loop
      vertex -43.5 0.0983762230878682 6.317215432342952
      vertex -43.5 0.24775163500467556 7.328916223565162
      vertex -42 -1.2352026023080072 7.554408418632708
    endloop
  endfacet
  facet normal -1 0 0
    outer loop
      vertex 43.5 -0.6335302522003827 0
      vertex 43.5 -0.6142196643898075 0.22339094809696292
      vertex 43.5 7.294072594307821 0.46430867183631186
    endloop
  endfacet
  facet normal -1 0 0
    outer loop
      vertex 43.5 -0.6142196643898075 0.22339094809696292
      vertex 43.5 -0.5173633451856574 1.2414628306647817
      vertex 43.5 7.294072594307821 0.46430867183631186
    endloop
  endfacet
  facet normal -1 0 0
    outer loop
      vertex 43.5 -0.5173633451856574 1.2414628306647817
      vertex 43.5 -0.4117320374968614 2.2586616959221786
      vertex 43.5 7.392712285086802 1.414180293470718
    endloop
  endfacet
  facet normal -1 0 0
    outer loop
      vertex 43.5 -0.6335302522003827 0
      vertex 43.5 7.294072594307821 0.46430867183631186
      vertex 43.5 7.2498996535767555 0
    endloop
  endfacet
  facet normal 1 0 0
    outer loop
      vertex 46.5 -4.995256558058031 1.6869652146220169
      vertex 46.5 9.258911644476937 0
      vertex 46.5 9.284247355584426 0.2663076122997641
    endloop
  endfacet
  facet normal 1 0 0
    outer loop
      vertex 46.5 -4.885617317109578 2.742759315069975
      vertex 46.5 9.284247355584426 0.2663076122997641
      vertex 46.5 9.381105742692469 1.1990257960717
    endloop
  endfacet
  facet normal -1 0 0
    outer loop
      vertex 43.5 -0.5173633451856574 1.2414628306647817
      vertex 43.5 7.392712285086802 1.414180293470718
      vertex 43.5 7.294072594307821 0.46430867183631186
    endloop
  endfacet
  facet normal -1 0 0
    outer loop
      vertex 43.5 -0.4117320374968614 2.2586616959221786
      vertex 43.5 -0.29733359536692205 3.2749119117072567
      vertex 43.5 7.499538823583691 2.3631660556695717
    endloop
  endfacet
  facet normal -1 0 0
    outer loop
      vertex 43.5 -0.29733359536692205 3.2749119117072567
      vertex 43.5 -0.17417652470535927 4.290137916393421
      vertex 43.5 7.614544266885531 3.311195398144946
    endloop
  endfacet
  facet normal -1 0 0
    outer loop
      vertex 43.5 -0.4117320374968614 2.2586616959221786
      vertex 43.5 7.499538823583691 2.3631660556695717
      vertex 43.5 7.392712285086802 1.414180293470718
    endloop
  endfacet
  facet normal 1 0 0
    outer loop
      vertex 46.5 -4.7668782932800156 3.797568771757037
      vertex 46.5 9.381105742692469 1.1990257960717
      vertex 46.5 9.486003133767284 2.1308741178696664
    endloop
  endfacet
  facet normal -1 0 0
    outer loop
      vertex 43.5 -0.29733359536692205 3.2749119117072567
      vertex 43.5 7.614544266885531 3.311195398144946
      vertex 43.5 7.499538823583691 2.3631660556695717
    endloop
  endfacet
  facet normal 1 0 0
    outer loop
      vertex 46.5 -4.6390483152156605 4.851315156047166
      vertex 46.5 9.486003133767284 2.1308741178696664
      vertex 46.5 9.598931729334552 3.0617832916321763
    endloop
  endfacet
  facet normal 0 -0.9955049649431934 0.09470937004041047
    outer loop
      vertex 43.5 7.2498996535767555 0
      vertex 42.5 7.294072594307821 0.46430867183631186
      vertex 42.5 7.2498996535767555 0
    endloop
  endfacet
  facet normal -1 0 0
    outer loop
      vertex 42.5 7.2498996535767555 0
      vertex 42.5 7.7916162846269685 0.41480840695217047
      vertex 42.5 7.7521526513018 0
    endloop
  endfacet
  facet normal -3.039061275359591e-18 -0.9955049649431934 0.09470937004041047
    outer loop
      vertex 43.5 7.2498996535767555 0
      vertex 43.5 7.294072594307821 0.46430867183631186
      vertex 42.5 7.294072594307821 0.46430867183631186
    endloop
  endfacet
  facet normal -1 0 0
    outer loop
      vertex 42.5 7.2498996535767555 0
      vertex 42.5 7.294072594307821 0.46430867183631186
      vertex 42.5 7.7916162846269685 0.41480840695217047
    endloop
  endfacet
  facet normal 0 -0.9946512992228267 0.1032898492318718
    outer loop
      vertex 43.5 7.294072594307821 0.46430867183631186
      vertex 42.5 7.392712285086802 1.414180293470718
      vertex 42.5 7.294072594307821 0.46430867183631186
    endloop
  endfacet
  facet normal -1 0 0
    outer loop
      vertex 42.5 7.294072594307821 0.46430867183631186
      vertex 42.5 7.889810649488226 1.3603916691209665
      vertex 42.5 7.7916162846269685 0.41480840695217047
    endloop
  endfacet
  facet normal -0.8320479148522051 0.5522103525653181 -0.052535644183587256
    outer loop
      vertex 42.5 7.7521526513018 0
      vertex 42.5 7.7916162846269685 0.41480840695217047
      vertex 43.5 9.284247355584426 0.2663076122997641
    endloop
  endfacet
  facet normal -0.8320479148522059 0.5522103525653178 -0.05253564418358228
    outer loop
      vertex 42.5 7.7521526513018 0
      vertex 43.5 9.284247355584426 0.2663076122997641
      vertex 43.5 9.258911644476937 0
    endloop
  endfacet
  facet normal -0.8320479148522051 0.5517368209758051 -0.05729526830035763
    outer loop
      vertex 42.5 7.7916162846269685 0.41480840695217047
      vertex 43.5 9.381105742692469 1.1990257960717
      vertex 43.5 9.284247355584426 0.2663076122997641
    endloop
  endfacet
  facet normal -1.8202485095816374e-18 -0.9946512992228267 0.1032898492318718
    outer loop
      vertex 43.5 7.294072594307821 0.46430867183631186
      vertex 43.5 7.392712285086802 1.414180293470718
      vertex 42.5 7.392712285086802 1.414180293470718
    endloop
  endfacet
  facet normal -1 0 0
    outer loop
      vertex 42.5 7.294072594307821 0.46430867183631186
      vertex 42.5 7.392712285086802 1.414180293470718
      vertex 42.5 7.889810649488226 1.3603916691209665
    endloop
  endfacet
  facet normal 0 -0.9937236778280598 0.11186264847514714
    outer loop
      vertex 43.5 7.392712285086802 1.414180293470718
      vertex 42.5 7.499538823583691 2.3631660556695717
      vertex 42.5 7.392712285086802 1.414180293470718
    endloop
  endfacet
  facet normal -0.8320479148522052 0.5517368209758049 -0.05729526830035731
    outer loop
      vertex 42.5 7.7916162846269685 0.41480840695217047
      vertex 42.5 7.889810649488226 1.3603916691209665
      vertex 43.5 9.381105742692469 1.1990257960717
    endloop
  endfacet
  facet normal -1 0 0
    outer loop
      vertex 42.5 7.392712285086802 1.414180293470718
      vertex 42.5 7.9961549011296 2.305093071219593
      vertex 42.5 7.889810649488226 1.3603916691209665
    endloop
  endfacet
  facet normal -0.8320479148522053 0.5512222658952292 -0.06205063232092569
    outer loop
      vertex 42.5 7.889810649488226 1.3603916691209665
      vertex 43.5 9.486003133767284 2.1308741178696664
      vertex 43.5 9.381105742692469 1.1990257960717
    endloop
  endfacet
  facet normal 0 0.995504964943195 -0.09470937004039422
    outer loop
      vertex 46.5 9.258911644476937 0
      vertex 43.5 9.258911644476937 0
      vertex 46.5 9.284247355584426 0.2663076122997641
    endloop
  endfacet
  facet normal 0 0.995504964943195 -0.09470937004039422
    outer loop
      vertex 46.5 9.284247355584426 0.2663076122997641
      vertex 43.5 9.258911644476937 0
      vertex 43.5 9.284247355584426 0.2663076122997641
    endloop
  endfacet
  facet normal 0 0.9946512992228251 -0.10328984923188615
    outer loop
      vertex 46.5 9.284247355584426 0.2663076122997641
      vertex 43.5 9.284247355584426 0.2663076122997641
      vertex 46.5 9.381105742692469 1.1990257960717
    endloop
  endfacet
  facet normal 6.869376105319702e-19 0.9946512992228251 -0.10328984923188615
    outer loop
      vertex 43.5 9.284247355584426 0.2663076122997641
      vertex 43.5 9.381105742692469 1.1990257960717
      vertex 46.5 9.381105742692469 1.1990257960717
    endloop
  endfacet
  facet normal 0 0.9937236778280609 -0.11186264847513791
    outer loop
      vertex 46.5 9.381105742692469 1.1990257960717
      vertex 43.5 9.381105742692469 1.1990257960717
      vertex 46.5 9.486003133767284 2.1308741178696664
    endloop
  endfacet
  facet normal 2.0888390822887263e-18 0.9937236778280609 -0.11186264847513791
    outer loop
      vertex 43.5 9.381105742692469 1.1990257960717
      vertex 43.5 9.486003133767284 2.1308741178696664
      vertex 46.5 9.486003133767284 2.1308741178696664
    endloop
  endfacet
  facet normal 4.74997590914336e-18 -0.9937236778280598 0.11186264847514714
    outer loop
      vertex 43.5 7.392712285086802 1.414180293470718
      vertex 43.5 7.499538823583691 2.3631660556695717
      vertex 42.5 7.499538823583691 2.3631660556695717
    endloop
  endfacet
  facet normal -1 0 0
    outer loop
      vertex 42.5 7.392712285086802 1.414180293470718
      vertex 42.5 7.499538823583691 2.3631660556695717
      vertex 42.5 7.9961549011296 2.305093071219593
    endloop
  endfacet
  facet normal 0 -0.9927221697306686 0.1204271303537267
    outer loop
      vertex 43.5 7.499538823583691 2.3631660556695717
      vertex 42.5 7.614544266885531 3.311195398144946
      vertex 42.5 7.499538823583691 2.3631660556695717
    endloop
  endfacet
  facet normal -0.8320479148522034 0.5512222658952312 -0.06205063232093225
    outer loop
      vertex 42.5 7.889810649488226 1.3603916691209665
      vertex 42.5 7.9961549011296 2.305093071219593
      vertex 43.5 9.486003133767284 2.1308741178696664
    endloop
  endfacet
  facet normal -1 0 0
    outer loop
      vertex 42.5 7.499538823583691 2.3631660556695717
      vertex 42.5 8.11064113249779 3.248842371516753
      vertex 42.5 7.9961549011296 2.305093071219593
    endloop
  endfacet
  facet normal -0.8320479148522034 0.5506667255824929 -0.06680138266799597
    outer loop
      vertex 42.5 7.9961549011296 2.305093071219593
      vertex 43.5 9.598931729334552 3.0617832916321763
      vertex 43.5 9.486003133767284 2.1308741178696664
    endloop
  endfacet
  facet normal 2.843680009075122e-19 -0.9927221697306686 0.1204271303537267
    outer loop
      vertex 43.5 7.499538823583691 2.3631660556695717
      vertex 43.5 7.614544266885531 3.311195398144946
      vertex 42.5 7.614544266885531 3.311195398144946
    endloop
  endfacet
  facet normal -1 0 0
    outer loop
      vertex 42.5 7.499538823583691 2.3631660556695717
      vertex 42.5 7.614544266885531 3.311195398144946
      vertex 42.5 8.11064113249779 3.248842371516753
    endloop
  endfacet
  facet normal 0 -0.9916468493961589 0.1289826580694934
    outer loop
      vertex 43.5 7.614544266885531 3.311195398144946
      vertex 42.5 7.737720063950206 4.25819783172199
      vertex 42.5 7.614544266885531 3.311195398144946
    endloop
  endfacet
  facet normal -0.8320479148522044 0.5506667255824917 -0.06680138266799238
    outer loop
      vertex 42.5 7.9961549011296 2.305093071219593
      vertex 42.5 8.11064113249779 3.248842371516753
      vertex 43.5 9.598931729334552 3.0617832916321763
    endloop
  endfacet
  facet normal -1 0 0
    outer loop
      vertex 42.5 7.614544266885531 3.311195398144946
      vertex 42.5 8.23326083115586 4.1915693990731295
      vertex 42.5 8.11064113249779 3.248842371516753
    endloop
  endfacet
  facet normal 0 0.9927221697306688 -0.12042713035372478
    outer loop
      vertex 46.5 9.486003133767284 2.1308741178696664
      vertex 43.5 9.486003133767284 2.1308741178696664
      vertex 46.5 9.598931729334552 3.0617832916321763
    endloop
  endfacet
  facet normal 2.024042244435516e-18 0.9927221697306688 -0.12042713035372478
    outer loop
      vertex 43.5 9.486003133767284 2.1308741178696664
      vertex 43.5 9.598931729334552 3.0617832916321763
      vertex 46.5 9.598931729334552 3.0617832916321763
    endloop
  endfacet
  facet normal 0 0.9916468493961547 -0.1289826580695247
    outer loop
      vertex 46.5 9.598931729334552 3.0617832916321763
      vertex 43.5 9.598931729334552 3.0617832916321763
      vertex 46.5 9.719883132772807 3.9916841011265642
    endloop
  endfacet
  facet normal -1.204319901850222e-18 0.9916468493961547 -0.1289826580695247
    outer loop
      vertex 43.5 9.598931729334552 3.0617832916321763
      vertex 43.5 9.719883132772807 3.9916841011265642
      vertex 46.5 9.719883132772807 3.9916841011265642
    endloop
  endfacet
  facet normal -0.8320479148522044 0.5500702413438853 -0.07154716610725148
    outer loop
      vertex 42.5 8.11064113249779 3.248842371516753
      vertex 43.5 9.719883132772807 3.9916841011265642
      vertex 43.5 9.598931729334552 3.0617832916321763
    endloop
  endfacet
  facet normal -1 0 0
    outer loop
      vertex 43.5 -0.17417652470535927 4.290137916393421
      vertex 43.5 -0.04226998265518489 5.304264224507623
      vertex 43.5 7.737720063950206 4.25819783172199
    endloop
  endfacet
  facet normal -1 0 0
    outer loop
      vertex 43.5 -0.04226998265518489 5.304264224507623
      vertex 43.5 0.0983762230878682 6.317215432342952
      vertex 43.5 7.8690570562423545 5.204102943579942
    endloop
  endfacet
  facet normal 1 0 0
    outer loop
      vertex 46.5 -4.502136887505969 5.903920118347351
      vertex 46.5 9.598931729334552 3.0617832916321763
      vertex 46.5 9.719883132772807 3.9916841011265642
    endloop
  endfacet
  facet normal -1 0 0
    outer loop
      vertex 43.5 -0.17417652470535927 4.290137916393421
      vertex 43.5 7.737720063950206 4.25819783172199
      vertex 43.5 7.614544266885531 3.311195398144946
    endloop
  endfacet
  facet normal -1 0 0
    outer loop
      vertex 43.5 -0.04226998265518489 5.304264224507623
      vertex 43.5 7.8690570562423545 5.204102943579942
      vertex 43.5 7.737720063950206 4.25819783172199
    endloop
  endfacet
  facet normal 1 0 0
    outer loop
      vertex 46.5 -4.3561541899767775 6.955305393933109
      vertex 46.5 9.719883132772807 3.9916841011265642
      vertex 46.5 9.848848350937743 4.920507405095426
    endloop
  endfacet
  facet normal -1 0 0
    outer loop
      vertex 43.5 0.0983762230878682 6.317215432342952
      vertex 43.5 0.24775163500467556 7.328916223565162
      vertex 43.5 8.008545478414192 6.148840402487625
    endloop
  endfacet
  facet normal -1 0 0
    outer loop
      vertex 43.5 0.0983762230878682 6.317215432342952
      vertex 43.5 8.008545478414192 6.148840402487625
      vertex 43.5 7.8690570562423545 5.204102943579942
    endloop
  endfacet
  facet normal 1 0 0
    outer loop
      vertex 46.5 9.848848350937743 4.920507405095426
      vertex 46.5 9.985817794831078 5.848184142397557
      vertex 46.5 -4.201111076933373 8.005392808767816
    endloop
  endfacet
  facet normal -1 0 0
    outer loop
      vertex 43.5 0.24775163500467556 7.328916223565162
      vertex 43.5 8.156174959031674 7.092339964032831
      vertex 43.5 8.008545478414192 6.148840402487625
    endloop
  endfacet
  facet normal 1 0 0
    outer loop
      vertex 46.5 9.985817794831078 5.848184142397557
      vertex 46.5 10.130781280313272 6.774645337142847
      vertex 46.5 -4.037019076353374 9.054104285315177
    endloop
  endfacet
  facet normal -3.3778890861072022e-18 -0.9916468493961589 0.1289826580694934
    outer loop
      vertex 43.5 7.614544266885531 3.311195398144946
      vertex 43.5 7.737720063950206 4.25819783172199
      vertex 42.5 7.737720063950206 4.25819783172199
    endloop
  endfacet
  facet normal -1 0 0
    outer loop
      vertex 42.5 7.614544266885531 3.311195398144946
      vertex 42.5 7.737720063950206 4.25819783172199
      vertex 42.5 8.23326083115586 4.1915693990731295
    endloop
  endfacet
  facet normal -0.8320479148522081 0.5500702413438814 -0.07154716610723795
    outer loop
      vertex 42.5 8.11064113249779 3.248842371516753
      vertex 42.5 8.23326083115586 4.1915693990731295
      vertex 43.5 9.719883132772807 3.9916841011265642
    endloop
  endfacet
  facet normal 0 -0.9904977967782087 0.13752859549022606
    outer loop
      vertex 43.5 7.737720063950206 4.25819783172199
      vertex 42.5 7.8690570562423545 5.204102943579942
      vertex 42.5 7.737720063950206 4.25819783172199
    endloop
  endfacet
  facet normal -1 0 0
    outer loop
      vertex 42.5 8.23326083115586 4.1915693990731295
      vertex 42.5 7.737720063950206 4.25819783172199
      vertex 42.5 8.364004879916195 5.133204058958814
    endloop
  endfacet
  facet normal 7.518175991895647e-19 -0.9904977967782087 0.13752859549022606
    outer loop
      vertex 43.5 7.737720063950206 4.25819783172199
      vertex 43.5 7.8690570562423545 5.204102943579942
      vertex 42.5 7.8690570562423545 5.204102943579942
    endloop
  endfacet
  facet normal -1 0 0
    outer loop
      vertex 42.5 7.737720063950206 4.25819783172199
      vertex 42.5 7.8690570562423545 5.204102943579942
      vertex 42.5 8.364004879916195 5.133204058958814
    endloop
  endfacet
  facet normal -0.8320479148522051 0.549432857530026 -0.07628762977369212
    outer loop
      vertex 42.5 8.23326083115586 4.1915693990731295
      vertex 42.5 8.364004879916195 5.133204058958814
      vertex 43.5 9.848848350937743 4.920507405095426
    endloop
  endfacet
  facet normal 0 -0.9892750973127601 0.14606430719662158
    outer loop
      vertex 43.5 7.8690570562423545 5.204102943579942
      vertex 42.5 8.008545478414192 6.148840402487625
      vertex 42.5 7.8690570562423545 5.204102943579942
    endloop
  endfacet
  facet normal -1 0 0
    outer loop
      vertex 42.5 8.364004879916195 5.133204058958814
      vertex 42.5 7.8690570562423545 5.204102943579942
      vertex 42.5 8.502863557518396 6.073676337465109
    endloop
  endfacet
  facet normal 0 0.9904977967782144 -0.13752859549018498
    outer loop
      vertex 46.5 9.719883132772807 3.9916841011265642
      vertex 43.5 9.719883132772807 3.9916841011265642
      vertex 46.5 9.848848350937743 4.920507405095426
    endloop
  endfacet
  facet normal 2.136603457041092e-18 0.9904977967782144 -0.13752859549018498
    outer loop
      vertex 43.5 9.719883132772807 3.9916841011265642
      vertex 43.5 9.848848350937743 4.920507405095426
      vertex 46.5 9.848848350937743 4.920507405095426
    endloop
  endfacet
  facet normal -0.8320479148522082 0.5494328575300228 -0.0762876297736808
    outer loop
      vertex 42.5 8.23326083115586 4.1915693990731295
      vertex 43.5 9.848848350937743 4.920507405095426
      vertex 43.5 9.719883132772807 3.9916841011265642
    endloop
  endfacet
  facet normal -0.8320479148522051 0.5487546215325423 -0.08102242119792485
    outer loop
      vertex 42.5 8.364004879916195 5.133204058958814
      vertex 43.5 9.985817794831078 5.848184142397557
      vertex 43.5 9.848848350937743 4.920507405095426
    endloop
  endfacet
  facet normal 0 0.9892750973127609 -0.1460643071966171
    outer loop
      vertex 46.5 9.848848350937743 4.920507405095426
      vertex 43.5 9.848848350937743 4.920507405095426
      vertex 46.5 9.985817794831078 5.848184142397557
    endloop
  endfacet
  facet normal -1.8191560261509703e-18 0.9892750973127609 -0.1460643071966171
    outer loop
      vertex 43.5 9.848848350937743 4.920507405095426
      vertex 43.5 9.985817794831078 5.848184142397557
      vertex 46.5 9.985817794831078 5.848184142397557
    endloop
  endfacet
  facet normal -7.74663501855229e-18 -0.9892750973127601 0.14606430719662158
    outer loop
      vertex 43.5 7.8690570562423545 5.204102943579942
      vertex 43.5 8.008545478414192 6.148840402487625
      vertex 42.5 8.008545478414192 6.148840402487625
    endloop
  endfacet
  facet normal -1 0 0
    outer loop
      vertex 42.5 7.8690570562423545 5.204102943579942
      vertex 42.5 8.008545478414192 6.148840402487625
      vertex 42.5 8.502863557518396 6.073676337465109
    endloop
  endfacet
  facet normal -0.8320479148522062 0.5487546215325411 -0.08102242119792037
    outer loop
      vertex 42.5 8.364004879916195 5.133204058958814
      vertex 42.5 8.502863557518396 6.073676337465109
      vertex 43.5 9.985817794831078 5.848184142397557
    endloop
  endfacet
  facet normal 0 -0.9879788419116368 0.15458915852976576
    outer loop
      vertex 43.5 8.008545478414192 6.148840402487625
      vertex 42.5 8.156174959031674 7.092339964032831
      vertex 42.5 8.008545478414192 6.148840402487625
    endloop
  endfacet
  facet normal -1 0 0
    outer loop
      vertex 42.5 8.502863557518396 6.073676337465109
      vertex 42.5 8.008545478414192 6.148840402487625
      vertex 42.5 8.649826539352063 7.012916307310327
    endloop
  endfacet
  facet normal 1.2452937396343909e-17 -0.9879788419116368 0.15458915852976576
    outer loop
      vertex 43.5 8.008545478414192 6.148840402487625
      vertex 43.5 8.156174959031674 7.092339964032831
      vertex 42.5 8.156174959031674 7.092339964032831
    endloop
  endfacet
  facet normal -1 0 0
    outer loop
      vertex 42.5 8.008545478414192 6.148840402487625
      vertex 42.5 8.156174959031674 7.092339964032831
      vertex 42.5 8.649826539352063 7.012916307310327
    endloop
  endfacet
  facet normal -0.832047914852207 0.5480355837805668 -0.08575118833222067
    outer loop
      vertex 42.5 8.502863557518396 6.073676337465109
      vertex 42.5 8.649826539352063 7.012916307310327
      vertex 43.5 10.130781280313272 6.774645337142847
    endloop
  endfacet
  facet normal 0 -0.9866091269557885 0.16310251563828485
    outer loop
      vertex 43.5 8.156174959031674 7.092339964032831
      vertex 42.5 8.311934521345663 8.034531475845103
      vertex 42.5 8.156174959031674 7.092339964032831
    endloop
  endfacet
  facet normal -1 0 0
    outer loop
      vertex 42.5 8.649826539352063 7.012916307310327
      vertex 42.5 8.156174959031674 7.092339964032831
      vertex 42.5 8.804882898224463 7.95085413283903
    endloop
  endfacet
  facet normal -0.8320479148522062 0.5480355837805674 -0.08575118833222317
    outer loop
      vertex 42.5 8.502863557518396 6.073676337465109
      vertex 43.5 10.130781280313272 6.774645337142847
      vertex 43.5 9.985817794831078 5.848184142397557
    endloop
  endfacet
  facet normal 0 0.9879788419116341 -0.15458915852978297
    outer loop
      vertex 46.5 9.985817794831078 5.848184142397557
      vertex 43.5 9.985817794831078 5.848184142397557
      vertex 46.5 10.130781280313272 6.774645337142847
    endloop
  endfacet
  facet normal -3.227037082447914e-18 0.9879788419116341 -0.15458915852978297
    outer loop
      vertex 43.5 9.985817794831078 5.848184142397557
      vertex 43.5 10.130781280313272 6.774645337142847
      vertex 46.5 10.130781280313272 6.774645337142847
    endloop
  endfacet
  facet normal -0.832047914852207 0.5472757977369838 -0.0904735795768172
    outer loop
      vertex 42.5 8.649826539352063 7.012916307310327
      vertex 43.5 10.283728028860864 7.699822103820811
      vertex 43.5 10.130781280313272 6.774645337142847
    endloop
  endfacet
  facet normal 0 0.9866091269557893 -0.16310251563828035
    outer loop
      vertex 46.5 10.130781280313272 6.774645337142847
      vertex 43.5 10.130781280313272 6.774645337142847
      vertex 46.5 10.283728028860864 7.699822103820811
    endloop
  endfacet
  facet normal 3.9091933518591736e-18 0.9866091269557893 -0.16310251563828035
    outer loop
      vertex 43.5 10.130781280313272 6.774645337142847
      vertex 43.5 10.283728028860864 7.699822103820811
      vertex 46.5 10.283728028860864 7.699822103820811
    endloop
  endfacet
  facet normal 1 0 0
    outer loop
      vertex -43.5 -0.6335302522003827 0
      vertex -43.5 7.350350254618596 0
      vertex -43.5 -0.6142196643898075 0.22339094809696292
    endloop
  endfacet
  facet normal 1 0 0
    outer loop
      vertex -43.5 -0.6142196643898075 0.22339094809696292
      vertex -43.5 7.350350254618596 0
      vertex -43.5 -0.5173633451856574 1.2414628306647817
    endloop
  endfacet
  facet normal 1 0 0
    outer loop
      vertex -43.5 -0.5173633451856574 1.2414628306647817
      vertex -43.5 7.393581333854442 0.4544086187119678
      vertex -43.5 -0.4117320374968614 2.2586616959221786
    endloop
  endfacet
  facet normal -1 0 0
    outer loop
      vertex -46.5 -5.150269870598679 0
      vertex -46.5 9.383756095131048 0.2564075591754129
      vertex -46.5 9.359362245518774 0
    endloop
  endfacet
  facet normal 1 0 0
    outer loop
      vertex -43.5 -0.5173633451856574 1.2414628306647817
      vertex -43.5 7.350350254618596 0
      vertex -43.5 7.393581333854442 0.4544086187119678
    endloop
  endfacet
  facet normal 1 0 0
    outer loop
      vertex -43.5 -0.4117320374968614 2.2586616959221786
      vertex -43.5 7.393581333854442 0.4544086187119678
      vertex -43.5 7.492131959448557 1.403422568440467
    endloop
  endfacet
  facet normal -1 0 0
    outer loop
      vertex -46.5 -4.995256558058031 1.6869652146220169
      vertex -46.5 9.480525417054224 1.188268071041449
      vertex -46.5 9.383756095131048 0.2564075591754129
    endloop
  endfacet
  facet normal 1 0 0
    outer loop
      vertex -43.5 -0.4117320374968614 2.2586616959221786
      vertex -43.5 7.492131959448557 1.403422568440467
      vertex -43.5 -0.29733359536692205 3.2749119117072567
    endloop
  endfacet
  facet normal 1 0 0
    outer loop
      vertex -43.5 -0.29733359536692205 3.2749119117072567
      vertex -43.5 7.598862040572911 2.3515514586065027
      vertex -43.5 -0.17417652470535927 4.290137916393421
    endloop
  endfacet
  facet normal 1 0 0
    outer loop
      vertex -43.5 -0.29733359536692205 3.2749119117072567
      vertex -43.5 7.492131959448557 1.403422568440467
      vertex -43.5 7.598862040572911 2.3515514586065027
    endloop
  endfacet
  facet normal -1 0 0
    outer loop
      vertex -46.5 -4.885617317109578 2.742759315069975
      vertex -46.5 9.585326350756503 2.1192595208066045
      vertex -46.5 9.480525417054224 1.188268071041449
    endloop
  endfacet
  facet normal -1 0 0
    outer loop
      vertex -46.5 -4.7668782932800156 3.797568771757037
      vertex -46.5 9.698151103935487 3.049312686120711
      vertex -46.5 9.585326350756503 2.1192595208066045
    endloop
  endfacet
  facet normal 1 0 0
    outer loop
      vertex -43.5 -0.17417652470535927 4.290137916393421
      vertex -43.5 7.598862040572911 2.3515514586065027
      vertex -43.5 7.713763641486466 3.2987247926334824
    endloop
  endfacet
  facet normal 0 -0.9955049649431947 0.0947093700403966
    outer loop
      vertex -42.5 7.350350254618596 0
      vertex -43.5 7.393581333854442 0.4544086187119678
      vertex -43.5 7.350350254618596 0
    endloop
  endfacet
  facet normal 1 0 0
    outer loop
      vertex -42.5 7.350350254618596 0
      vertex -42.5 7.852603252343633 0
      vertex -42.5 7.393581333854442 0.4544086187119678
    endloop
  endfacet
  facet normal -4.205229273095872e-19 -0.9955049649431947 0.0947093700403966
    outer loop
      vertex -42.5 7.350350254618596 0
      vertex -42.5 7.393581333854442 0.4544086187119678
      vertex -43.5 7.393581333854442 0.4544086187119678
    endloop
  endfacet
  facet normal 1 0 0
    outer loop
      vertex -42.5 7.393581333854442 0.4544086187119678
      vertex -42.5 7.852603252343633 0
      vertex -42.5 7.89112502417359 0.40490835382782286
    endloop
  endfacet
  facet normal 0 -0.9946512992228259 0.10328984923188081
    outer loop
      vertex -42.5 7.393581333854442 0.4544086187119678
      vertex -43.5 7.492131959448557 1.403422568440467
      vertex -43.5 7.393581333854442 0.4544086187119678
    endloop
  endfacet
  facet normal 1 0 0
    outer loop
      vertex -42.5 7.393581333854442 0.4544086187119678
      vertex -42.5 7.89112502417359 0.40490835382782286
      vertex -42.5 7.492131959448557 1.403422568440467
    endloop
  endfacet
  facet normal 0.8320479148522061 0.5522103525653167 -0.05253564418358846
    outer loop
      vertex -42.5 7.852603252343633 0
      vertex -43.5 9.359362245518774 0
      vertex -42.5 7.89112502417359 0.40490835382782286
    endloop
  endfacet
  facet normal 0.8320479148522052 0.5522103525653191 -0.05253564418357741
    outer loop
      vertex -42.5 7.89112502417359 0.40490835382782286
      vertex -43.5 9.359362245518774 0
      vertex -43.5 9.383756095131048 0.2564075591754129
    endloop
  endfacet
  facet normal 0.8320479148522053 0.5517368209758053 -0.05729526830035403
    outer loop
      vertex -42.5 7.89112502417359 0.40490835382782286
      vertex -43.5 9.383756095131048 0.2564075591754129
      vertex -42.5 7.9892303238499665 1.349633944090714
    endloop
  endfacet
  facet normal 0.8320479148522076 0.5517368209758009 -0.05729526830036191
    outer loop
      vertex -43.5 9.383756095131048 0.2564075591754129
      vertex -43.5 9.480525417054224 1.188268071041449
      vertex -42.5 7.9892303238499665 1.349633944090714
    endloop
  endfacet
  facet normal 5.682938088897901e-18 -0.9946512992228259 0.10328984923188081
    outer loop
      vertex -42.5 7.393581333854442 0.4544086187119678
      vertex -42.5 7.492131959448557 1.403422568440467
      vertex -43.5 7.492131959448557 1.403422568440467
    endloop
  endfacet
  facet normal 0 -0.9937236778280591 0.1118626484751531
    outer loop
      vertex -42.5 7.492131959448557 1.403422568440467
      vertex -43.5 7.598862040572911 2.3515514586065027
      vertex -43.5 7.492131959448557 1.403422568440467
    endloop
  endfacet
  facet normal 1 0 0
    outer loop
      vertex -42.5 7.492131959448557 1.403422568440467
      vertex -42.5 7.9892303238499665 1.349633944090714
      vertex -42.5 7.598862040572911 2.3515514586065027
    endloop
  endfacet
  facet normal 1 0 0
    outer loop
      vertex -42.5 7.492131959448557 1.403422568440467
      vertex -42.5 7.89112502417359 0.40490835382782286
      vertex -42.5 7.9892303238499665 1.349633944090714
    endloop
  endfacet
  facet normal 0.8320479148522076 0.5512222658952246 -0.06205063232093429
    outer loop
      vertex -42.5 7.9892303238499665 1.349633944090714
      vertex -43.5 9.480525417054224 1.188268071041449
      vertex -42.5 8.095478118118805 2.2934784741565313
    endloop
  endfacet
  facet normal 0.8320479148522059 0.5512222658952279 -0.06205063232092848
    outer loop
      vertex -43.5 9.480525417054224 1.188268071041449
      vertex -43.5 9.585326350756503 2.1192595208066045
      vertex -42.5 8.095478118118805 2.2934784741565313
    endloop
  endfacet
  facet normal 0 0.9955049649431957 -0.09470937004038531
    outer loop
      vertex -43.5 9.359362245518774 0
      vertex -46.5 9.359362245518774 0
      vertex -43.5 9.383756095131048 0.2564075591754129
    endloop
  endfacet
  facet normal 0 0.9955049649431957 -0.09470937004038531
    outer loop
      vertex -43.5 9.383756095131048 0.2564075591754129
      vertex -46.5 9.359362245518774 0
      vertex -46.5 9.383756095131048 0.2564075591754129
    endloop
  endfacet
  facet normal 0 0.9946512992228244 -0.10328984923189456
    outer loop
      vertex -43.5 9.383756095131048 0.2564075591754129
      vertex -46.5 9.383756095131048 0.2564075591754129
      vertex -43.5 9.480525417054224 1.188268071041449
    endloop
  endfacet
  facet normal 2.8105000843360783e-19 0.9946512992228244 -0.10328984923189456
    outer loop
      vertex -46.5 9.383756095131048 0.2564075591754129
      vertex -46.5 9.480525417054224 1.188268071041449
      vertex -43.5 9.480525417054224 1.188268071041449
    endloop
  endfacet
  facet normal 0 0.9937236778280603 -0.11186264847514311
    outer loop
      vertex -43.5 9.480525417054224 1.188268071041449
      vertex -46.5 9.480525417054224 1.188268071041449
      vertex -43.5 9.585326350756503 2.1192595208066045
    endloop
  endfacet
  facet normal 4.251090676776125e-19 0.9937236778280603 -0.11186264847514311
    outer loop
      vertex -46.5 9.480525417054224 1.188268071041449
      vertex -46.5 9.585326350756503 2.1192595208066045
      vertex -43.5 9.585326350756503 2.1192595208066045
    endloop
  endfacet
  facet normal 1.7450532036770266e-18 -0.9937236778280591 0.1118626484751531
    outer loop
      vertex -42.5 7.492131959448557 1.403422568440467
      vertex -42.5 7.598862040572911 2.3515514586065027
      vertex -43.5 7.598862040572911 2.3515514586065027
    endloop
  endfacet
  facet normal 0 -0.9927221697306698 0.12042713035371708
    outer loop
      vertex -42.5 7.598862040572911 2.3515514586065027
      vertex -43.5 7.713763641486466 3.2987247926334824
      vertex -43.5 7.598862040572911 2.3515514586065027
    endloop
  endfacet
  facet normal 1 0 0
    outer loop
      vertex -42.5 7.598862040572911 2.3515514586065027
      vertex -42.5 7.9892303238499665 1.349633944090714
      vertex -42.5 8.095478118118805 2.2934784741565313
    endloop
  endfacet
  facet normal 1 0 0
    outer loop
      vertex -42.5 7.598862040572911 2.3515514586065027
      vertex -42.5 8.095478118118805 2.2934784741565313
      vertex -42.5 7.713763641486466 3.2987247926334824
    endloop
  endfacet
  facet normal 0.8320479148522057 0.5506667255824902 -0.06680138266798738
    outer loop
      vertex -42.5 8.095478118118805 2.2934784741565313
      vertex -43.5 9.585326350756503 2.1192595208066045
      vertex -42.5 8.20986050709871 3.2363717660052878
    endloop
  endfacet
  facet normal 3.4199433701994467e-18 -0.9927221697306698 0.12042713035371708
    outer loop
      vertex -42.5 7.598862040572911 2.3515514586065027
      vertex -42.5 7.713763641486466 3.2987247926334824
      vertex -43.5 7.713763641486466 3.2987247926334824
    endloop
  endfacet
  facet normal 1 0 0
    outer loop
      vertex -42.5 8.095478118118805 2.2934784741565313
      vertex -42.5 8.20986050709871 3.2363717660052878
      vertex -42.5 7.713763641486466 3.2987247926334824
    endloop
  endfacet
  facet normal 1 0 0
    outer loop
      vertex -42.5 8.20986050709871 3.2363717660052878
      vertex -42.5 7.8368282188681775 4.2448721449936535
      vertex -42.5 7.713763641486466 3.2987247926334824
    endloop
  endfacet
  facet normal 0 -0.9916468493961567 0.12898265806950968
    outer loop
      vertex -42.5 7.713763641486466 3.2987247926334824
      vertex -43.5 7.8368282188681775 4.2448721449936535
      vertex -43.5 7.713763641486466 3.2987247926334824
    endloop
  endfacet
  facet normal 0.8320479148522067 0.5500702413438812 -0.07154716610725532
    outer loop
      vertex -42.5 8.20986050709871 3.2363717660052878
      vertex -43.5 9.698151103935487 3.049312686120711
      vertex -42.5 8.332368986073831 4.178243712344793
    endloop
  endfacet
  facet normal 0.8320479148522069 0.5506667255824883 -0.06680138266799054
    outer loop
      vertex -43.5 9.585326350756503 2.1192595208066045
      vertex -43.5 9.698151103935487 3.049312686120711
      vertex -42.5 8.20986050709871 3.2363717660052878
    endloop
  endfacet
  facet normal 0 0.99272216973067 -0.12042713035371612
    outer loop
      vertex -43.5 9.585326350756503 2.1192595208066045
      vertex -46.5 9.585326350756503 2.1192595208066045
      vertex -43.5 9.698151103935487 3.049312686120711
    endloop
  endfacet
  facet normal 3.403776609375657e-19 0.99272216973067 -0.12042713035371612
    outer loop
      vertex -46.5 9.585326350756503 2.1192595208066045
      vertex -46.5 9.698151103935487 3.049312686120711
      vertex -43.5 9.698151103935487 3.049312686120711
    endloop
  endfacet
  facet normal 0.8320479148522033 0.5500702413438876 -0.07154716610724447
    outer loop
      vertex -43.5 9.698151103935487 3.049312686120711
      vertex -43.5 9.81899128769075 3.9783584143982242
      vertex -42.5 8.332368986073831 4.178243712344793
    endloop
  endfacet
  facet normal 0 0.9916468493961564 -0.12898265806951173
    outer loop
      vertex -43.5 9.698151103935487 3.049312686120711
      vertex -46.5 9.698151103935487 3.049312686120711
      vertex -43.5 9.81899128769075 3.9783584143982242
    endloop
  endfacet
  facet normal -8.299764714478313e-19 0.9916468493961564 -0.12898265806951173
    outer loop
      vertex -46.5 9.698151103935487 3.049312686120711
      vertex -46.5 9.81899128769075 3.9783584143982242
      vertex -43.5 9.81899128769075 3.9783584143982242
    endloop
  endfacet
  facet normal 1 0 0
    outer loop
      vertex -43.5 -0.17417652470535927 4.290137916393421
      vertex -43.5 7.713763641486466 3.2987247926334824
      vertex -43.5 -0.04226998265518489 5.304264224507623
    endloop
  endfacet
  facet normal 1 0 0
    outer loop
      vertex -43.5 -0.04226998265518489 5.304264224507623
      vertex -43.5 7.8368282188681775 4.2448721449936535
      vertex -43.5 0.0983762230878682 6.317215432342952
    endloop
  endfacet
  facet normal -1 0 0
    outer loop
      vertex -46.5 -4.6390483152156605 4.851315156047166
      vertex -46.5 9.81899128769075 3.9783584143982242
      vertex -46.5 9.698151103935487 3.049312686120711
    endloop
  endfacet
  facet normal 1 0 0
    outer loop
      vertex -43.5 -0.04226998265518489 5.304264224507623
      vertex -43.5 7.713763641486466 3.2987247926334824
      vertex -43.5 7.8368282188681775 4.2448721449936535
    endloop
  endfacet
  facet normal -1 0 0
    outer loop
      vertex -46.5 -4.502136887505969 5.903920118347351
      vertex -46.5 9.94783791714758 4.906327627959909
      vertex -46.5 9.81899128769075 3.9783584143982242
    endloop
  endfacet
  facet normal 1 0 0
    outer loop
      vertex -43.5 0.0983762230878682 6.317215432342952
      vertex -43.5 7.8368282188681775 4.2448721449936535
      vertex -43.5 7.968046622452178 5.189923166444414
    endloop
  endfacet
  facet normal 1 0 0
    outer loop
      vertex -43.5 0.0983762230878682 6.317215432342952
      vertex -43.5 7.968046622452178 5.189923166444414
      vertex -43.5 0.24775163500467556 7.328916223565162
    endloop
  endfacet
  facet normal 1 0 0
    outer loop
      vertex -43.5 0.24775163500467556 7.328916223565162
      vertex -43.5 8.107409095708192 6.133807589259121
      vertex -43.5 0.4058451465302113 8.339291374812714
    endloop
  endfacet
  facet normal -1 0 0
    outer loop
      vertex -46.5 -4.3561541899767775 6.955305393933109
      vertex -46.5 10.084681412125107 5.833151329169048
      vertex -46.5 9.94783791714758 4.906327627959909
    endloop
  endfacet
  facet normal 1 0 0
    outer loop
      vertex -43.5 0.24775163500467556 7.328916223565162
      vertex -43.5 7.968046622452178 5.189923166444414
      vertex -43.5 8.107409095708192 6.133807589259121
    endloop
  endfacet
  facet normal -1 0 0
    outer loop
      vertex -46.5 10.084681412125107 5.833151329169048
      vertex -46.5 -4.201111076933373 8.005392808767816
      vertex -46.5 10.229511597848557 6.758760605561648
    endloop
  endfacet
  facet normal 1 0 0
    outer loop
      vertex -43.5 8.107409095708192 6.133807589259121
      vertex -43.5 8.254905276566944 7.076455232451629
      vertex -43.5 0.4058451465302113 8.339291374812714
    endloop
  endfacet
  facet normal 1.202586541268275e-18 -0.9916468493961567 0.12898265806950968
    outer loop
      vertex -42.5 7.713763641486466 3.2987247926334824
      vertex -42.5 7.8368282188681775 4.2448721449936535
      vertex -43.5 7.8368282188681775 4.2448721449936535
    endloop
  endfacet
  facet normal 1 0 0
    outer loop
      vertex -42.5 8.20986050709871 3.2363717660052878
      vertex -42.5 8.332368986073831 4.178243712344793
      vertex -42.5 7.8368282188681775 4.2448721449936535
    endloop
  endfacet
  facet normal 0 -0.9904977967782117 0.137528595490205
    outer loop
      vertex -42.5 7.8368282188681775 4.2448721449936535
      vertex -43.5 7.968046622452178 5.189923166444414
      vertex -43.5 7.8368282188681775 4.2448721449936535
    endloop
  endfacet
  facet normal 1 0 0
    outer loop
      vertex -42.5 8.332368986073831 4.178243712344793
      vertex -42.5 7.968046622452178 5.189923166444414
      vertex -42.5 7.8368282188681775 4.2448721449936535
    endloop
  endfacet
  facet normal 0.8320479148522034 0.5494328575300289 -0.07628762977368855
    outer loop
      vertex -42.5 8.332368986073831 4.178243712344793
      vertex -43.5 9.81899128769075 3.9783584143982242
      vertex -42.5 8.462994446126032 5.11902428182329
    endloop
  endfacet
  facet normal -3.4462264322371467e-18 -0.9904977967782117 0.137528595490205
    outer loop
      vertex -42.5 7.8368282188681775 4.2448721449936535
      vertex -42.5 7.968046622452178 5.189923166444414
      vertex -43.5 7.968046622452178 5.189923166444414
    endloop
  endfacet
  facet normal 1 0 0
    outer loop
      vertex -42.5 8.332368986073831 4.178243712344793
      vertex -42.5 8.462994446126032 5.11902428182329
      vertex -42.5 7.968046622452178 5.189923166444414
    endloop
  endfacet
  facet normal 0 -0.9892750973127635 0.1460643071965979
    outer loop
      vertex -42.5 7.968046622452178 5.189923166444414
      vertex -43.5 8.107409095708192 6.133807589259121
      vertex -43.5 7.968046622452178 5.189923166444414
    endloop
  endfacet
  facet normal 1 0 0
    outer loop
      vertex -42.5 8.462994446126032 5.11902428182329
      vertex -42.5 8.107409095708192 6.133807589259121
      vertex -42.5 7.968046622452178 5.189923166444414
    endloop
  endfacet
  facet normal 0.8320479148522049 0.5487546215325438 -0.08102242119791621
    outer loop
      vertex -42.5 8.462994446126032 5.11902428182329
      vertex -43.5 9.94783791714758 4.906327627959909
      vertex -42.5 8.601727174812424 6.058643524236601
    endloop
  endfacet
  facet normal 0.8320479148522049 0.549432857530026 -0.07628762977369317
    outer loop
      vertex -42.5 8.462994446126032 5.11902428182329
      vertex -43.5 9.81899128769075 3.9783584143982242
      vertex -43.5 9.94783791714758 4.906327627959909
    endloop
  endfacet
  facet normal 0 0.9904977967782115 -0.13752859549020607
    outer loop
      vertex -43.5 9.81899128769075 3.9783584143982242
      vertex -46.5 9.81899128769075 3.9783584143982242
      vertex -43.5 9.94783791714758 4.906327627959909
    endloop
  endfacet
  facet normal -1.6406135349068182e-18 0.9904977967782115 -0.13752859549020607
    outer loop
      vertex -46.5 9.81899128769075 3.9783584143982242
      vertex -46.5 9.94783791714758 4.906327627959909
      vertex -43.5 9.94783791714758 4.906327627959909
    endloop
  endfacet
  facet normal 0.8320479148522062 0.5487546215325411 -0.08102242119792066
    outer loop
      vertex -43.5 9.94783791714758 4.906327627959909
      vertex -43.5 10.084681412125107 5.833151329169048
      vertex -42.5 8.601727174812424 6.058643524236601
    endloop
  endfacet
  facet normal 0 0.9892750973127619 -0.14606430719661
    outer loop
      vertex -43.5 9.94783791714758 4.906327627959909
      vertex -46.5 9.94783791714758 4.906327627959909
      vertex -43.5 10.084681412125107 5.833151329169048
    endloop
  endfacet
  facet normal -3.540211130178217e-18 0.9892750973127619 -0.14606430719661
    outer loop
      vertex -46.5 9.94783791714758 4.906327627959909
      vertex -46.5 10.084681412125107 5.833151329169048
      vertex -43.5 10.084681412125107 5.833151329169048
    endloop
  endfacet
  facet normal 1.0519659451234117e-17 -0.9892750973127635 0.1460643071965979
    outer loop
      vertex -42.5 7.968046622452178 5.189923166444414
      vertex -42.5 8.107409095708192 6.133807589259121
      vertex -43.5 8.107409095708192 6.133807589259121
    endloop
  endfacet
  facet normal 1 0 0
    outer loop
      vertex -42.5 8.462994446126032 5.11902428182329
      vertex -42.5 8.601727174812424 6.058643524236601
      vertex -42.5 8.107409095708192 6.133807589259121
    endloop
  endfacet
  facet normal 1 0 0
    outer loop
      vertex -42.5 8.601727174812424 6.058643524236601
      vertex -42.5 8.254905276566944 7.076455232451629
      vertex -42.5 8.107409095708192 6.133807589259121
    endloop
  endfacet
  facet normal 0 -0.9879788419116331 0.15458915852978924
    outer loop
      vertex -42.5 8.107409095708192 6.133807589259121
      vertex -43.5 8.254905276566944 7.076455232451629
      vertex -43.5 8.107409095708192 6.133807589259121
    endloop
  endfacet
  facet normal -9.884819742999e-18 -0.9879788419116331 0.15458915852978924
    outer loop
      vertex -42.5 8.107409095708192 6.133807589259121
      vertex -42.5 8.254905276566944 7.076455232451629
      vertex -43.5 8.254905276566944 7.076455232451629
    endloop
  endfacet
  facet normal 1 0 0
    outer loop
      vertex -42.5 8.601727174812424 6.058643524236601
      vertex -42.5 8.748556856887348 6.997031575729132
      vertex -42.5 8.254905276566944 7.076455232451629
    endloop
  endfacet
  facet normal 0 -0.9866091269557866 0.1631025156382959
    outer loop
      vertex -42.5 8.254905276566944 7.076455232451629
      vertex -43.5 8.41052419819053 8.017796006994512
      vertex -43.5 8.254905276566944 7.076455232451629
    endloop
  endfacet
  facet normal 1 0 0
    outer loop
      vertex -42.5 8.254905276566944 7.076455232451629
      vertex -42.5 8.748556856887348 6.997031575729132
      vertex -42.5 8.41052419819053 8.017796006994512
    endloop
  endfacet
  facet normal 0.8320479148522062 0.5480355837805672 -0.08575118833222488
    outer loop
      vertex -42.5 8.601727174812424 6.058643524236601
      vertex -43.5 10.084681412125107 5.833151329169048
      vertex -42.5 8.748556856887348 6.997031575729132
    endloop
  endfacet
  facet normal 0.8320479148522071 0.5480355837805655 -0.0857511883322274
    outer loop
      vertex -42.5 8.748556856887348 6.997031575729132
      vertex -43.5 10.084681412125107 5.833151329169048
      vertex -43.5 10.229511597848557 6.758760605561648
    endloop
  endfacet
  facet normal 0 0.9879788419116329 -0.15458915852979094
    outer loop
      vertex -43.5 10.084681412125107 5.833151329169048
      vertex -46.5 10.084681412125107 5.833151329169048
      vertex -43.5 10.229511597848557 6.758760605561648
    endloop
  endfacet
  facet normal -2.559207336846895e-18 0.9879788419116329 -0.15458915852979094
    outer loop
      vertex -46.5 10.084681412125107 5.833151329169048
      vertex -46.5 10.229511597848557 6.758760605561648
      vertex -43.5 10.229511597848557 6.758760605561648
    endloop
  endfacet
  facet normal 0.832047914852207 0.5472757977369825 -0.09047357957682345
    outer loop
      vertex -42.5 8.748556856887348 6.997031575729132
      vertex -43.5 10.229511597848557 6.758760605561648
      vertex -42.5 8.90347257506933 7.934118663988436
    endloop
  endfacet
  facet normal 0.8320479148522048 0.5472757977369873 -0.09047357957681612
    outer loop
      vertex -43.5 10.229511597848557 6.758760605561648
      vertex -43.5 10.38231770570573 7.68308663497022
      vertex -42.5 8.90347257506933 7.934118663988436
    endloop
  endfacet
  facet normal 0 0.9866091269557896 -0.1631025156382774
    outer loop
      vertex -43.5 10.229511597848557 6.758760605561648
      vertex -46.5 10.229511597848557 6.758760605561648
      vertex -43.5 10.38231770570573 7.68308663497022
    endloop
  endfacet
  facet normal -2.447818552871228e-19 0.9866091269557896 -0.1631025156382774
    outer loop
      vertex -46.5 10.229511597848557 6.758760605561648
      vertex -46.5 10.38231770570573 7.68308663497022
      vertex -43.5 10.38231770570573 7.68308663497022
    endloop
  endfacet
  facet normal 0 -0.987978841911633 0.15458915852978977
    outer loop
      vertex 46.5 -4.201111076933373 8.005392808767816
      vertex 46.5 -4.037019076353374 9.054104285315177
      vertex 25 -4.201111076933373 8.005392808767816
    endloop
  endfacet
  facet normal 0 -0.9892750973127649 0.14606430719658883
    outer loop
      vertex 46.5 -4.201111076933373 8.005392808767816
      vertex 25 -4.201111076933373 8.005392808767816
      vertex 25 -4.3561541899767775 6.955305393933109
    endloop
  endfacet
  facet normal 0 -0.987978841911633 0.15458915852978977
    outer loop
      vertex 46.5 -4.037019076353374 9.054104285315177
      vertex 25 -4.037019076353374 9.054104285315177
      vertex 25 -4.201111076933373 8.005392808767816
    endloop
  endfacet
  facet normal -0.7071034951626872 0.6986097852915105 -0.10931155027562714
    outer loop
      vertex 42 -1.2352026023080072 7.554408418632708
      vertex 42 -1.0751095944309839 8.577562344980201
      vertex 43.5 0.4058451465302113 8.339291374812714
    endloop
  endfacet
  facet normal -0.7071034951626891 0.6986097852915095 -0.10931155027562144
    outer loop
      vertex 43.5 0.24775163500467556 7.328916223565162
      vertex 42 -1.2352026023080072 7.554408418632708
      vertex 43.5 0.4058451465302113 8.339291374812714
    endloop
  endfacet
  facet normal 1 0 0
    outer loop
      vertex 46.5 9.985817794831078 5.848184142397557
      vertex 46.5 -4.037019076353374 9.054104285315177
      vertex 46.5 -4.201111076933373 8.005392808767816
    endloop
  endfacet
  facet normal -0.7071034951626873 0.697641246057042 -0.11533143079269112
    outer loop
      vertex 42 -1.0751095944309839 8.577562344980201
      vertex 43.5 0.5726450028793977 9.348265761289817
      vertex 43.5 0.4058451465302113 8.339291374812714
    endloop
  endfacet
  facet normal 1 0 0
    outer loop
      vertex 46.5 10.130781280313272 6.774645337142847
      vertex 46.5 -3.8638903890298195 10.101361848344471
      vertex 46.5 -4.037019076353374 9.054104285315177
    endloop
  endfacet
  facet normal -0.7071034951626874 0.6976412460570419 -0.11533143079269072
    outer loop
      vertex 42 -1.0751095944309839 8.577562344980201
      vertex 42 -0.9062001277570033 9.599297790308036
      vertex 43.5 0.5726450028793977 9.348265761289817
    endloop
  endfacet
  facet normal 0 -0.986609126955789 0.1631025156382815
    outer loop
      vertex 46.5 -4.037019076353374 9.054104285315177
      vertex 46.5 -3.8638903890298195 10.101361848344471
      vertex 25 -4.037019076353374 9.054104285315177
    endloop
  endfacet
  facet normal 0 -0.9851660542881365 0.17160374552539456
    outer loop
      vertex 46.5 -3.8638903890298195 10.101361848344471
      vertex 46.5 -3.681737887663715 11.147087630728421
      vertex 25 -3.8638903890298195 10.101361848344471
    endloop
  endfacet
  facet normal 0 -0.986609126955789 0.1631025156382815
    outer loop
      vertex 46.5 -3.8638903890298195 10.101361848344471
      vertex 25 -3.8638903890298195 10.101361848344471
      vertex 25 -4.037019076353374 9.054104285315177
    endloop
  endfacet
  facet normal 0 -0.9851660542881365 0.17160374552539456
    outer loop
      vertex 46.5 -3.681737887663715 11.147087630728421
      vertex 25 -3.681737887663715 11.147087630728421
      vertex 25 -3.8638903890298195 10.101361848344471
    endloop
  endfacet
  facet normal -0.7071034951626873 0.6966208348460521 -0.12134273602939963
    outer loop
      vertex 42 -0.9062001277570033 9.599297790308036
      vertex 43.5 0.7481388019210726 10.355764362352321
      vertex 43.5 0.5726450028793977 9.348265761289817
    endloop
  endfacet
  facet normal -0.7071034951626887 0.6966208348460516 -0.12134273602939592
    outer loop
      vertex 42 -0.9062001277570033 9.599297790308036
      vertex 42 -0.7284867612738566 10.619538785144357
      vertex 43.5 0.7481388019210726 10.355764362352321
    endloop
  endfacet
  facet normal -0.7071034951626887 0.6955486275295515 -0.12734501902495748
    outer loop
      vertex 42 -0.7284867612738566 10.619538785144357
      vertex 43.5 0.9323134951001464 11.361712267085643
      vertex 43.5 0.7481388019210726 10.355764362352321
    endloop
  endfacet
  facet normal -0.7071034951626887 0.6955486275295516 -0.12734501902495748
    outer loop
      vertex 42 -0.7284867612738566 10.619538785144357
      vertex 42 -0.5419827085689377 11.63820947113469
      vertex 43.5 0.9323134951001464 11.361712267085643
    endloop
  endfacet
  facet normal 0 0.9879788419116358 -0.15458915852977248
    outer loop
      vertex 42 -1.2352026023080072 7.554408418632708
      vertex -42 -1.2352026023080072 7.554408418632708
      vertex 42 -1.0751095944309839 8.577562344980201
    endloop
  endfacet
  facet normal 0 0.9866091269557867 -0.16310251563829503
    outer loop
      vertex 42 -1.0751095944309839 8.577562344980201
      vertex -42 -1.0751095944309839 8.577562344980201
      vertex 42 -0.9062001277570033 9.599297790308036
    endloop
  endfacet
  facet normal 0 0.9851660542881373 -0.17160374552539057
    outer loop
      vertex 42 -0.9062001277570033 9.599297790308036
      vertex -42 -0.9062001277570033 9.599297790308036
      vertex 42 -0.7284867612738566 10.619538785144357
    endloop
  endfacet
  facet normal 0 0.9836497312059993 -0.1800922160959915
    outer loop
      vertex 42 -0.7284867612738566 10.619538785144357
      vertex -42 -0.7284867612738566 10.619538785144357
      vertex 42 -0.5419827085689377 11.63820947113469
    endloop
  endfacet
  facet normal 0 -0.9836497312059992 0.1800922160959927
    outer loop
      vertex 46.5 -3.681737887663715 11.147087630728421
      vertex 46.5 -3.490575115907106 12.19120387923277
      vertex 25 -3.681737887663715 11.147087630728421
    endloop
  endfacet
  facet normal 0 -0.9820602704530988 0.18856729620373325
    outer loop
      vertex 46.5 -3.490575115907106 12.19120387923277
      vertex 46.5 -3.290416287355953 13.233632960297513
      vertex 25 -3.490575115907106 12.19120387923277
    endloop
  endfacet
  facet normal 0 -0.9836497312059992 0.1800922160959927
    outer loop
      vertex 46.5 -3.490575115907106 12.19120387923277
      vertex 25 -3.490575115907106 12.19120387923277
      vertex 25 -3.681737887663715 11.147087630728421
    endloop
  endfacet
  facet normal 0 -0.9820602704530988 0.18856729620373325
    outer loop
      vertex 46.5 -3.290416287355953 13.233632960297513
      vertex 25 -3.290416287355953 13.233632960297513
      vertex 25 -3.490575115907106 12.19120387923277
    endloop
  endfacet
  facet normal -0.7071034951626888 0.6944247038297654 -0.1333378334894194
    outer loop
      vertex 42 -0.5419827085689377 11.63820947113469
      vertex 43.5 1.1251553884078334 12.36603467987472
      vertex 43.5 0.9323134951001464 11.361712267085643
    endloop
  endfacet
  facet normal -0.7071034951626877 0.6944247038297658 -0.1333378334894226
    outer loop
      vertex 42 -0.5419827085689377 11.63820947113469
      vertex 42 -0.34670183684676203 12.655234106682318
      vertex 43.5 1.1251553884078334 12.36603467987472
    endloop
  endfacet
  facet normal -0.7071034951626877 0.6932491473142074 -0.13932073383683935
    outer loop
      vertex 42 -0.34670183684676203 12.655234106682318
      vertex 43.5 1.3266501433998172 13.368656925965286
      vertex 43.5 1.1251553884078334 12.36603467987472
    endloop
  endfacet
  facet normal 0 -0.9803977902112048 0.1970283556978195
    outer loop
      vertex 46.5 -3.290416287355953 13.233632960297513
      vertex 46.5 -3.0812762844933843 14.274297365809254
      vertex 25 -3.290416287355953 13.233632960297513
    endloop
  endfacet
  facet normal 0 -0.9786624140913102 0.20547476547004243
    outer loop
      vertex 46.5 -3.0812762844933843 14.274297365809254
      vertex 46.5 -2.928911611635494 15
      vertex 25 -3.0812762844933843 14.274297365809254
    endloop
  endfacet
  facet normal 0 -0.9803977902112048 0.1970283556978195
    outer loop
      vertex 46.5 -3.0812762844933843 14.274297365809254
      vertex 25 -3.0812762844933843 14.274297365809254
      vertex 25 -3.290416287355953 13.233632960297513
    endloop
  endfacet
  facet normal 0 -0.9786624140913102 0.20547476547004243
    outer loop
      vertex 46.5 -2.928911611635494 15
      vertex 25 -2.928911611635494 15
      vertex 25 -3.0812762844933843 14.274297365809254
    endloop
  endfacet
  facet normal -0.7071034951626873 0.6932491473142075 -0.13932073383684015
    outer loop
      vertex 42 -0.34670183684676203 12.655234106682318
      vertex 42 -0.14265866589791187 13.670537072579943
      vertex 43.5 1.3266501433998172 13.368656925965286
    endloop
  endfacet
  facet normal -0.7071034951626857 0.6920220453894612 -0.14529327521843638
    outer loop
      vertex 42 -0.14265866589791187 13.670537072579943
      vertex 42 0.07013163298059055 14.68404287763217
      vertex 43.5 1.5367827782623777 14.369504457016188
    endloop
  endfacet
  facet normal -0.7071034951626876 0.6907434892946963 -0.15125501355558002
    outer loop
      vertex 42 0.07013163298059055 14.68404287763217
      vertex 42 0.13931809592579433 15
      vertex 43.5 1.67484504504991 15
    endloop
  endfacet
  facet normal 0 0.9820602704531001 -0.18856729620372692
    outer loop
      vertex 42 -0.5419827085689377 11.63820947113469
      vertex -42 -0.5419827085689377 11.63820947113469
      vertex 42 -0.34670183684676203 12.655234106682318
    endloop
  endfacet
  facet normal 0 0.9803977902112027 -0.1970283556978303
    outer loop
      vertex 42 -0.34670183684676203 12.655234106682318
      vertex -42 -0.34670183684676203 12.655234106682318
      vertex 42 -0.14265866589791187 13.670537072579943
    endloop
  endfacet
  facet normal 0 0.9786624140913074 -0.20547476547005555
    outer loop
      vertex 42 -0.14265866589791187 13.670537072579943
      vertex -42 -0.14265866589791187 13.670537072579943
      vertex 42 0.07013163298059055 14.68404287763217
    endloop
  endfacet
  facet normal 0 0.9768542711244925 -0.21390589750129962
    outer loop
      vertex 42 0.07013163298059055 14.68404287763217
      vertex -42 0.07013163298059055 14.68404287763217
      vertex 42 0.13931809592579433 15
    endloop
  endfacet
  facet normal 0 -0.9879788419116331 0.15458915852978977
    outer loop
      vertex -46.5 -4.201111076933373 8.005392808767816
      vertex 15 -4.201111076933373 8.005392808767816
      vertex 15 -4.037019076353374 9.054104285315177
    endloop
  endfacet
  facet normal 0 0.9879788419116358 -0.15458915852977248
    outer loop
      vertex 42 -1.0751095944309839 8.577562344980201
      vertex -42 -1.2352026023080072 7.554408418632708
      vertex -42 -1.0751095944309839 8.577562344980201
    endloop
  endfacet
  facet normal 0 0.9866091269557867 -0.16310251563829503
    outer loop
      vertex 42 -0.9062001277570033 9.599297790308036
      vertex -42 -1.0751095944309839 8.577562344980201
      vertex -42 -0.9062001277570033 9.599297790308036
    endloop
  endfacet
  facet normal 0 -0.9866091269557891 0.16310251563828151
    outer loop
      vertex -46.5 -4.037019076353374 9.054104285315177
      vertex 15 -4.037019076353374 9.054104285315177
      vertex 15 -3.8638903890298195 10.101361848344471
    endloop
  endfacet
  facet normal 0 -0.9851660542881365 0.17160374552539454
    outer loop
      vertex -46.5 -3.8638903890298195 10.101361848344471
      vertex 15 -3.8638903890298195 10.101361848344471
      vertex 15 -3.681737887663715 11.147087630728421
    endloop
  endfacet
  facet normal 0 0.9851660542881373 -0.17160374552539057
    outer loop
      vertex 42 -0.7284867612738566 10.619538785144357
      vertex -42 -0.9062001277570033 9.599297790308036
      vertex -42 -0.7284867612738566 10.619538785144357
    endloop
  endfacet
  facet normal 1.805044848133235e-20 -0.9892750973127649 0.1460643071965888
    outer loop
      vertex -46.5 -4.3561541899767775 6.955305393933109
      vertex 15 -4.201111076933373 8.005392808767816
      vertex -46.5 -4.201111076933373 8.005392808767816
    endloop
  endfacet
  facet normal 1.9919675224631076e-19 -0.9879788419116331 0.15458915852978977
    outer loop
      vertex -46.5 -4.201111076933373 8.005392808767816
      vertex 15 -4.037019076353374 9.054104285315177
      vertex -46.5 -4.037019076353374 9.054104285315177
    endloop
  endfacet
  facet normal 0.7071034951626891 0.6986097852915087 -0.10931155027562685
    outer loop
      vertex -43.5 0.24775163500467556 7.328916223565162
      vertex -42 -1.0751095944309839 8.577562344980201
      vertex -42 -1.2352026023080072 7.554408418632708
    endloop
  endfacet
  facet normal -1 0 0
    outer loop
      vertex -46.5 10.229511597848557 6.758760605561648
      vertex -46.5 -4.201111076933373 8.005392808767816
      vertex -46.5 -4.037019076353374 9.054104285315177
    endloop
  endfacet
  facet normal 0.7071034951626873 0.6986097852915113 -0.10931155027562173
    outer loop
      vertex -43.5 0.24775163500467556 7.328916223565162
      vertex -43.5 0.4058451465302113 8.339291374812714
      vertex -42 -1.0751095944309839 8.577562344980201
    endloop
  endfacet
  facet normal 0.7071034951626872 0.6976412460570419 -0.11533143079269072
    outer loop
      vertex -42 -1.0751095944309839 8.577562344980201
      vertex -43.5 0.4058451465302113 8.339291374812714
      vertex -42 -0.9062001277570033 9.599297790308036
    endloop
  endfacet
  facet normal 0.7071034951626874 0.6976412460570418 -0.11533143079269109
    outer loop
      vertex -42 -0.9062001277570033 9.599297790308036
      vertex -43.5 0.4058451465302113 8.339291374812714
      vertex -43.5 0.5726450028793977 9.348265761289817
    endloop
  endfacet
  facet normal -1 0 0
    outer loop
      vertex -46.5 -4.037019076353374 9.054104285315177
      vertex -46.5 -3.8638903890298195 10.101361848344471
      vertex -46.5 10.38231770570573 7.68308663497022
    endloop
  endfacet
  facet normal -4.633603838186601e-20 -0.9866091269557891 0.16310251563828151
    outer loop
      vertex -46.5 -4.037019076353374 9.054104285315177
      vertex 15 -3.8638903890298195 10.101361848344471
      vertex -46.5 -3.8638903890298195 10.101361848344471
    endloop
  endfacet
  facet normal 2.3547673817157777e-20 -0.9851660542881365 0.17160374552539454
    outer loop
      vertex -46.5 -3.8638903890298195 10.101361848344471
      vertex 15 -3.681737887663715 11.147087630728421
      vertex -46.5 -3.681737887663715 11.147087630728421
    endloop
  endfacet
  facet normal 0.7071034951626873 0.6966208348460527 -0.12134273602939612
    outer loop
      vertex -42 -0.9062001277570033 9.599297790308036
      vertex -43.5 0.5726450028793977 9.348265761289817
      vertex -42 -0.7284867612738566 10.619538785144357
    endloop
  endfacet
  facet normal 0.7071034951626887 0.696620834846051 -0.12134273602939943
    outer loop
      vertex -43.5 0.5726450028793977 9.348265761289817
      vertex -43.5 0.7481388019210726 10.355764362352321
      vertex -42 -0.7284867612738566 10.619538785144357
    endloop
  endfacet
  facet normal 0.7071034951626887 0.6955486275295516 -0.12734501902495748
    outer loop
      vertex -42 -0.7284867612738566 10.619538785144357
      vertex -43.5 0.7481388019210726 10.355764362352321
      vertex -42 -0.5419827085689377 11.63820947113469
    endloop
  endfacet
  facet normal 0.7071034951626887 0.6955486275295515 -0.12734501902495748
    outer loop
      vertex -43.5 0.7481388019210726 10.355764362352321
      vertex -43.5 0.9323134951001464 11.361712267085643
      vertex -42 -0.5419827085689377 11.63820947113469
    endloop
  endfacet
  facet normal 0 -0.9836497312059991 0.18009221609599269
    outer loop
      vertex -46.5 -3.681737887663715 11.147087630728421
      vertex 15 -3.681737887663715 11.147087630728421
      vertex 15 -3.490575115907106 12.19120387923277
    endloop
  endfacet
  facet normal 0 -0.9820602704530988 0.1885672962037333
    outer loop
      vertex -46.5 -3.490575115907106 12.19120387923277
      vertex 15 -3.490575115907106 12.19120387923277
      vertex 15 -3.290416287355953 13.233632960297513
    endloop
  endfacet
  facet normal 0 0.9836497312059993 -0.1800922160959915
    outer loop
      vertex 42 -0.5419827085689377 11.63820947113469
      vertex -42 -0.7284867612738566 10.619538785144357
      vertex -42 -0.5419827085689377 11.63820947113469
    endloop
  endfacet
  facet normal 0 0.9820602704531001 -0.18856729620372692
    outer loop
      vertex 42 -0.34670183684676203 12.655234106682318
      vertex -42 -0.5419827085689377 11.63820947113469
      vertex -42 -0.34670183684676203 12.655234106682318
    endloop
  endfacet
  facet normal 0 -0.9803977902112048 0.1970283556978195
    outer loop
      vertex -46.5 -3.290416287355953 13.233632960297513
      vertex 15 -3.290416287355953 13.233632960297513
      vertex 15 -3.0812762844933843 14.274297365809254
    endloop
  endfacet
  facet normal 0 -0.97866241409131 0.20547476547004243
    outer loop
      vertex -46.5 -3.0812762844933843 14.274297365809254
      vertex 15 -3.0812762844933843 14.274297365809254
      vertex 15 -2.928911611635494 15
    endloop
  endfacet
  facet normal 0 0.9803977902112027 -0.1970283556978303
    outer loop
      vertex 42 -0.14265866589791187 13.670537072579943
      vertex -42 -0.34670183684676203 12.655234106682318
      vertex -42 -0.14265866589791187 13.670537072579943
    endloop
  endfacet
  facet normal 0 0.9786624140913074 -0.20547476547005555
    outer loop
      vertex 42 0.07013163298059055 14.68404287763217
      vertex -42 -0.14265866589791187 13.670537072579943
      vertex -42 0.07013163298059055 14.68404287763217
    endloop
  endfacet
  facet normal 0 0.9768542711244925 -0.21390589750129962
    outer loop
      vertex 42 0.13931809592579433 15
      vertex -42 0.07013163298059055 14.68404287763217
      vertex -42 0.13931809592579433 15
    endloop
  endfacet
  facet normal 4.551350373294567e-20 -0.9836497312059991 0.18009221609599269
    outer loop
      vertex -46.5 -3.681737887663715 11.147087630728421
      vertex 15 -3.490575115907106 12.19120387923277
      vertex -46.5 -3.490575115907106 12.19120387923277
    endloop
  endfacet
  facet normal 1.0885044020633094e-19 -0.9820602704530988 0.1885672962037333
    outer loop
      vertex -46.5 -3.490575115907106 12.19120387923277
      vertex 15 -3.290416287355953 13.233632960297513
      vertex -46.5 -3.290416287355953 13.233632960297513
    endloop
  endfacet
  facet normal 0.7071034951626887 0.6944247038297648 -0.1333378334894224
    outer loop
      vertex -42 -0.5419827085689377 11.63820947113469
      vertex -43.5 0.9323134951001464 11.361712267085643
      vertex -42 -0.34670183684676203 12.655234106682318
    endloop
  endfacet
  facet normal 0.7071034951626877 0.6944247038297664 -0.1333378334894196
    outer loop
      vertex -43.5 0.9323134951001464 11.361712267085643
      vertex -43.5 1.1251553884078334 12.36603467987472
      vertex -42 -0.34670183684676203 12.655234106682318
    endloop
  endfacet
  facet normal 0.7071034951626877 0.6932491473142072 -0.1393207338368401
    outer loop
      vertex -42 -0.34670183684676203 12.655234106682318
      vertex -43.5 1.1251553884078334 12.36603467987472
      vertex -42 -0.14265866589791187 13.670537072579943
    endloop
  endfacet
  facet normal -1.1244394054716117e-19 -0.9803977902112048 0.1970283556978195
    outer loop
      vertex -46.5 -3.290416287355953 13.233632960297513
      vertex 15 -3.0812762844933843 14.274297365809254
      vertex -46.5 -3.0812762844933843 14.274297365809254
    endloop
  endfacet
  facet normal -1.3286532986047455e-19 -0.97866241409131 0.20547476547004243
    outer loop
      vertex -46.5 -3.0812762844933843 14.274297365809254
      vertex 15 -2.928911611635494 15
      vertex -46.5 -2.928911611635494 15
    endloop
  endfacet
  facet normal 0.7071034951626874 0.6932491473142076 -0.1393207338368394
    outer loop
      vertex -43.5 1.1251553884078334 12.36603467987472
      vertex -43.5 1.3266501433998172 13.368656925965286
      vertex -42 -0.14265866589791187 13.670537072579943
    endloop
  endfacet
  facet normal 0.7071034951626873 0.6920220453894596 -0.14529327521843605
    outer loop
      vertex -42 -0.14265866589791187 13.670537072579943
      vertex -43.5 1.3266501433998172 13.368656925965286
      vertex -42 0.07013163298059055 14.68404287763217
    endloop
  endfacet
  facet normal 0.7071034951626856 0.6907434892946982 -0.15125501355558044
    outer loop
      vertex -42 0.07013163298059055 14.68404287763217
      vertex -43.5 1.5367827782623777 14.369504457016188
      vertex -42 0.13931809592579433 15
    endloop
  endfacet
  facet normal -1 0 0
    outer loop
      vertex 43.5 0.24775163500467556 7.328916223565162
      vertex 43.5 0.4058451465302113 8.339291374812714
      vertex 43.5 8.156174959031674 7.092339964032831
    endloop
  endfacet
  facet normal -1 0 0
    outer loop
      vertex 43.5 0.4058451465302113 8.339291374812714
      vertex 43.5 0.5726450028793977 9.348265761289817
      vertex 43.5 8.311934521345663 8.034531475845103
    endloop
  endfacet
  facet normal -1 0 0
    outer loop
      vertex 43.5 8.156174959031674 7.092339964032831
      vertex 43.5 0.4058451465302113 8.339291374812714
      vertex 43.5 8.311934521345663 8.034531475845103
    endloop
  endfacet
  facet normal 1 0 0
    outer loop
      vertex 46.5 10.130781280313272 6.774645337142847
      vertex 46.5 10.283728028860864 7.699822103820811
      vertex 46.5 -3.8638903890298195 10.101361848344471
    endloop
  endfacet
  facet normal -1 0 0
    outer loop
      vertex 43.5 0.5726450028793977 9.348265761289817
      vertex 43.5 8.475812584108056 8.975344882811964
      vertex 43.5 8.311934521345663 8.034531475845103
    endloop
  endfacet
  facet normal 1 0 0
    outer loop
      vertex 46.5 -3.681737887663715 11.147087630728421
      vertex 46.5 10.283728028860864 7.699822103820811
      vertex 46.5 10.444646668367952 8.623645652422582
    endloop
  endfacet
  facet normal 1 0 0
    outer loop
      vertex 46.5 -3.8638903890298195 10.101361848344471
      vertex 46.5 10.283728028860864 7.699822103820811
      vertex 46.5 -3.681737887663715 11.147087630728421
    endloop
  endfacet
  facet normal -1 0 0
    outer loop
      vertex 43.5 0.5726450028793977 9.348265761289817
      vertex 43.5 0.7481388019210726 10.355764362352321
      vertex 43.5 8.475812584108056 8.975344882811964
    endloop
  endfacet
  facet normal 1 0 0
    outer loop
      vertex 46.5 -3.681737887663715 11.147087630728421
      vertex 46.5 10.444646668367952 8.623645652422582
      vertex 46.5 -3.490575115907106 12.19120387923277
    endloop
  endfacet
  facet normal -1 0 0
    outer loop
      vertex 43.5 0.7481388019210726 10.355764362352321
      vertex 43.5 0.9323134951001464 11.361712267085643
      vertex 43.5 8.64779696243292 9.914710232287643
    endloop
  endfacet
  facet normal -1 0 0
    outer loop
      vertex 43.5 0.7481388019210726 10.355764362352321
      vertex 43.5 8.64779696243292 9.914710232287643
      vertex 43.5 8.475812584108056 8.975344882811964
    endloop
  endfacet
  facet normal 1 0 0
    outer loop
      vertex 46.5 -3.490575115907106 12.19120387923277
      vertex 46.5 10.444646668367952 8.623645652422582
      vertex 46.5 10.613525233991666 9.546047293555585
    endloop
  endfacet
  facet normal -1 0 0
    outer loop
      vertex 43.5 0.9323134951001464 11.361712267085643
      vertex 43.5 8.827874868702366 10.852557679294328
      vertex 43.5 8.64779696243292 9.914710232287643
    endloop
  endfacet
  facet normal 1 0 0
    outer loop
      vertex 46.5 -3.290416287355953 13.233632960297513
      vertex 46.5 10.613525233991666 9.546047293555585
      vertex 46.5 10.790351169041827 10.466958443550865
    endloop
  endfacet
  facet normal 1.2089274361970601e-17 -0.9866091269557885 0.16310251563828485
    outer loop
      vertex 43.5 8.156174959031674 7.092339964032831
      vertex 43.5 8.311934521345663 8.034531475845103
      vertex 42.5 8.311934521345663 8.034531475845103
    endloop
  endfacet
  facet normal -1 0 0
    outer loop
      vertex 42.5 8.156174959031674 7.092339964032831
      vertex 42.5 8.311934521345663 8.034531475845103
      vertex 42.5 8.804882898224463 7.95085413283903
    endloop
  endfacet
  facet normal 0 -0.9851660542881384 0.17160374552538396
    outer loop
      vertex 43.5 8.311934521345663 8.034531475845103
      vertex 42.5 8.475812584108056 8.975344882811964
      vertex 42.5 8.311934521345663 8.034531475845103
    endloop
  endfacet
  facet normal -1 0 0
    outer loop
      vertex 42.5 8.311934521345663 8.034531475845103
      vertex 42.5 8.968021105173037 8.887420075214624
      vertex 42.5 8.804882898224463 7.95085413283903
    endloop
  endfacet
  facet normal 1.1448983910200486e-17 -0.9851660542881384 0.17160374552538396
    outer loop
      vertex 43.5 8.311934521345663 8.034531475845103
      vertex 43.5 8.475812584108056 8.975344882811964
      vertex 42.5 8.475812584108056 8.975344882811964
    endloop
  endfacet
  facet normal -1 0 0
    outer loop
      vertex 42.5 8.311934521345663 8.034531475845103
      vertex 42.5 8.475812584108056 8.975344882811964
      vertex 42.5 8.968021105173037 8.887420075214624
    endloop
  endfacet
  facet normal 0 -0.9836497312059947 0.1800922160960159
    outer loop
      vertex 43.5 8.475812584108056 8.975344882811964
      vertex 42.5 8.64779696243292 9.914710232287643
      vertex 42.5 8.475812584108056 8.975344882811964
    endloop
  endfacet
  facet normal -1 0 0
    outer loop
      vertex 42.5 8.475812584108056 8.975344882811964
      vertex 42.5 9.13922903032261 9.822544497604632
      vertex 42.5 8.968021105173037 8.887420075214624
    endloop
  endfacet
  facet normal -0.8320479148522049 0.5472757977369858 -0.0904735795768249
    outer loop
      vertex 42.5 8.649826539352063 7.012916307310327
      vertex 42.5 8.804882898224463 7.95085413283903
      vertex 43.5 10.283728028860864 7.699822103820811
    endloop
  endfacet
  facet normal 0 0.985166054288139 -0.1716037455253815
    outer loop
      vertex 46.5 10.283728028860864 7.699822103820811
      vertex 43.5 10.283728028860864 7.699822103820811
      vertex 46.5 10.444646668367952 8.623645652422582
    endloop
  endfacet
  facet normal 1.084482737890217e-18 0.985166054288139 -0.1716037455253815
    outer loop
      vertex 43.5 10.283728028860864 7.699822103820811
      vertex 43.5 10.444646668367952 8.623645652422582
      vertex 46.5 10.444646668367952 8.623645652422582
    endloop
  endfacet
  facet normal -0.8320479148522048 0.5464753198944419 -0.09518924380603913
    outer loop
      vertex 42.5 8.804882898224463 7.95085413283903
      vertex 43.5 10.444646668367952 8.623645652422582
      vertex 43.5 10.283728028860864 7.699822103820811
    endloop
  endfacet
  facet normal -0.8320479148522035 0.546475319894443 -0.09518924380604392
    outer loop
      vertex 42.5 8.804882898224463 7.95085413283903
      vertex 42.5 8.968021105173037 8.887420075214624
      vertex 43.5 10.444646668367952 8.623645652422582
    endloop
  endfacet
  facet normal 0 0.9836497312059995 -0.18009221609599083
    outer loop
      vertex 46.5 10.444646668367952 8.623645652422582
      vertex 43.5 10.444646668367952 8.623645652422582
      vertex 46.5 10.613525233991666 9.546047293555585
    endloop
  endfacet
  facet normal -0.8320479148522035 0.5456342097711618 -0.09989783039435848
    outer loop
      vertex 42.5 8.968021105173037 8.887420075214624
      vertex 43.5 10.613525233991666 9.546047293555585
      vertex 43.5 10.444646668367952 8.623645652422582
    endloop
  endfacet
  facet normal -2.2308957061860355e-18 0.9836497312059995 -0.18009221609599083
    outer loop
      vertex 43.5 10.444646668367952 8.623645652422582
      vertex 43.5 10.613525233991666 9.546047293555585
      vertex 46.5 10.613525233991666 9.546047293555585
    endloop
  endfacet
  facet normal -1.0312047397641929e-19 -0.9836497312059947 0.1800922160960159
    outer loop
      vertex 43.5 8.475812584108056 8.975344882811964
      vertex 43.5 8.64779696243292 9.914710232287643
      vertex 42.5 8.64779696243292 9.914710232287643
    endloop
  endfacet
  facet normal -1 0 0
    outer loop
      vertex 42.5 8.475812584108056 8.975344882811964
      vertex 42.5 8.64779696243292 9.914710232287643
      vertex 42.5 9.13922903032261 9.822544497604632
    endloop
  endfacet
  facet normal 0 -0.9820602704531037 0.18856729620370774
    outer loop
      vertex 43.5 8.64779696243292 9.914710232287643
      vertex 42.5 8.827874868702366 10.852557679294328
      vertex 42.5 8.64779696243292 9.914710232287643
    endloop
  endfacet
  facet normal -1 0 0
    outer loop
      vertex 42.5 8.64779696243292 9.914710232287643
      vertex 42.5 9.318493943787246 10.756157870358464
      vertex 42.5 9.13922903032261 9.822544497604632
    endloop
  endfacet
  facet normal 8.992382214946896e-18 -0.9820602704531037 0.18856729620370774
    outer loop
      vertex 43.5 8.64779696243292 9.914710232287643
      vertex 43.5 8.827874868702366 10.852557679294328
      vertex 42.5 8.827874868702366 10.852557679294328
    endloop
  endfacet
  facet normal -1 0 0
    outer loop
      vertex 42.5 8.64779696243292 9.914710232287643
      vertex 42.5 8.827874868702366 10.852557679294328
      vertex 42.5 9.318493943787246 10.756157870358464
    endloop
  endfacet
  facet normal 0 -0.9803977902111992 0.1970283556978475
    outer loop
      vertex 43.5 8.827874868702366 10.852557679294328
      vertex 42.5 9.016032913517577 11.788817491715367
      vertex 42.5 8.827874868702366 10.852557679294328
    endloop
  endfacet
  facet normal -0.832047914852201 0.5456342097711641 -0.09989783039436796
    outer loop
      vertex 42.5 8.968021105173037 8.887420075214624
      vertex 42.5 9.13922903032261 9.822544497604632
      vertex 43.5 10.613525233991666 9.546047293555585
    endloop
  endfacet
  facet normal -0.8320479148522009 0.5447525299065169 -0.10459898924250643
    outer loop
      vertex 42.5 9.13922903032261 9.822544497604632
      vertex 43.5 10.790351169041827 10.466958443550865
      vertex 43.5 10.613525233991666 9.546047293555585
    endloop
  endfacet
  facet normal 0 0.9820602704530984 -0.18856729620373577
    outer loop
      vertex 46.5 10.613525233991666 9.546047293555585
      vertex 43.5 10.613525233991666 9.546047293555585
      vertex 46.5 10.790351169041827 10.466958443550865
    endloop
  endfacet
  facet normal 6.81301929291876e-19 0.9820602704530984 -0.18856729620373577
    outer loop
      vertex 43.5 10.613525233991666 9.546047293555585
      vertex 43.5 10.790351169041827 10.466958443550865
      vertex 46.5 10.790351169041827 10.466958443550865
    endloop
  endfacet
  facet normal -0.8320479148522026 0.5447525299065156 -0.10459898924250045
    outer loop
      vertex 42.5 9.13922903032261 9.822544497604632
      vertex 42.5 9.318493943787246 10.756157870358464
      vertex 43.5 10.790351169041827 10.466958443550865
    endloop
  endfacet
  facet normal -1 0 0
    outer loop
      vertex 42.5 9.318493943787246 10.756157870358464
      vertex 42.5 8.827874868702366 10.852557679294328
      vertex 42.5 9.50580251661681 11.688190776177152
    endloop
  endfacet
  facet normal -0.8320479148522025 0.543830345856368 -0.10929237080347856
    outer loop
      vertex 42.5 9.318493943787246 10.756157870358464
      vertex 43.5 10.975111325914554 11.386310629562498
      vertex 43.5 10.790351169041827 10.466958443550865
    endloop
  endfacet
  facet normal 0 0.9803977902111987 -0.1970283556978501
    outer loop
      vertex 46.5 10.790351169041827 10.466958443550865
      vertex 43.5 10.790351169041827 10.466958443550865
      vertex 46.5 10.975111325914554 11.386310629562498
    endloop
  endfacet
  facet normal 2.5648788438428753e-18 0.9803977902111987 -0.1970283556978501
    outer loop
      vertex 43.5 10.790351169041827 10.466958443550865
      vertex 43.5 10.975111325914554 11.386310629562498
      vertex 46.5 10.975111325914554 11.386310629562498
    endloop
  endfacet
  facet normal 1 0 0
    outer loop
      vertex 46.5 -3.490575115907106 12.19120387923277
      vertex 46.5 10.613525233991666 9.546047293555585
      vertex 46.5 -3.290416287355953 13.233632960297513
    endloop
  endfacet
  facet normal 1 0 0
    outer loop
      vertex 46.5 -3.290416287355953 13.233632960297513
      vertex 46.5 10.790351169041827 10.466958443550865
      vertex 46.5 -3.0812762844933843 14.274297365809254
    endloop
  endfacet
  facet normal -1 0 0
    outer loop
      vertex 43.5 0.9323134951001464 11.361712267085643
      vertex 43.5 1.1251553884078334 12.36603467987472
      vertex 43.5 8.827874868702366 10.852557679294328
    endloop
  endfacet
  facet normal -1 0 0
    outer loop
      vertex 43.5 1.1251553884078334 12.36603467987472
      vertex 43.5 9.016032913517577 11.788817491715367
      vertex 43.5 8.827874868702366 10.852557679294328
    endloop
  endfacet
  facet normal 1 0 0
    outer loop
      vertex 46.5 -3.0812762844933843 14.274297365809254
      vertex 46.5 10.790351169041827 10.466958443550865
      vertex 46.5 10.975111325914554 11.386310629562498
    endloop
  endfacet
  facet normal -1 0 0
    outer loop
      vertex 43.5 1.1251553884078334 12.36603467987472
      vertex 43.5 1.3266501433998172 13.368656925965286
      vertex 43.5 9.016032913517577 11.788817491715367
    endloop
  endfacet
  facet normal 1 0 0
    outer loop
      vertex 46.5 -3.0812762844933843 14.274297365809254
      vertex 46.5 10.975111325914554 11.386310629562498
      vertex 46.5 -2.928911611635494 15
    endloop
  endfacet
  facet normal -0.7071034951626872 0.6920220453894604 -0.145293275218431
    outer loop
      vertex 42 -0.14265866589791187 13.670537072579943
      vertex 43.5 1.5367827782623777 14.369504457016188
      vertex 43.5 1.3266501433998172 13.368656925965286
    endloop
  endfacet
  facet normal -0.7071034951626856 0.6907434892946963 -0.15125501355558943
    outer loop
      vertex 42 0.07013163298059055 14.68404287763217
      vertex 43.5 1.67484504504991 15
      vertex 43.5 1.5367827782623777 14.369504457016188
    endloop
  endfacet
  facet normal -1 0 0
    outer loop
      vertex 43.5 1.3266501433998172 13.368656925965286
      vertex 43.5 1.5367827782623777 14.369504457016188
      vertex 43.5 9.212257106694082 12.723420055480076
    endloop
  endfacet
  facet normal -1 0 0
    outer loop
      vertex 43.5 1.5367827782623777 14.369504457016188
      vertex 43.5 1.67484504504991 15
      vertex 43.5 9.416532858302219 13.656295879739822
    endloop
  endfacet
  facet normal 1.0704214968862661e-17 -0.9803977902111992 0.1970283556978475
    outer loop
      vertex 43.5 8.827874868702366 10.852557679294328
      vertex 43.5 9.016032913517577 11.788817491715367
      vertex 42.5 9.016032913517577 11.788817491715367
    endloop
  endfacet
  facet normal -1 0 0
    outer loop
      vertex 42.5 8.827874868702366 10.852557679294328
      vertex 42.5 9.016032913517577 11.788817491715367
      vertex 42.5 9.50580251661681 11.688190776177152
    endloop
  endfacet
  facet normal 0 -0.9786624140913137 0.20547476547002594
    outer loop
      vertex 43.5 9.016032913517577 11.788817491715367
      vertex 42.5 9.212257106694082 12.723420055480076
      vertex 42.5 9.016032913517577 11.788817491715367
    endloop
  endfacet
  facet normal -1 0 0
    outer loop
      vertex 43.5 1.3266501433998172 13.368656925965286
      vertex 43.5 9.212257106694082 12.723420055480076
      vertex 43.5 9.016032913517577 11.788817491715367
    endloop
  endfacet
  facet normal 1 0 0
    outer loop
      vertex 46.5 -2.928911611635494 15
      vertex 46.5 10.975111325914554 11.386310629562498
      vertex 46.5 11.167791967069817 12.30403549465877
    endloop
  endfacet
  facet normal -0.8320479148522071 0.5438303458563645 -0.10929237080346221
    outer loop
      vertex 42.5 9.318493943787246 10.756157870358464
      vertex 42.5 9.50580251661681 11.688190776177152
      vertex 43.5 10.975111325914554 11.386310629562498
    endloop
  endfacet
  facet normal -1 0 0
    outer loop
      vertex 42.5 9.50580251661681 11.688190776177152
      vertex 42.5 9.016032913517577 11.788817491715367
      vertex 42.5 9.701140821788016 12.618573915274752
    endloop
  endfacet
  facet normal 0 0.9786624140913126 -0.2054747654700306
    outer loop
      vertex 46.5 10.975111325914554 11.386310629562498
      vertex 43.5 10.975111325914554 11.386310629562498
      vertex 46.5 11.167791967069817 12.30403549465877
    endloop
  endfacet
  facet normal 1.2081004306390997e-18 0.9786624140913126 -0.2054747654700306
    outer loop
      vertex 43.5 10.975111325914554 11.386310629562498
      vertex 43.5 11.167791967069817 12.30403549465877
      vertex 46.5 11.167791967069817 12.30403549465877
    endloop
  endfacet
  facet normal -0.8320479148522071 0.5428677261882111 -0.11397762610853047
    outer loop
      vertex 42.5 9.50580251661681 11.688190776177152
      vertex 43.5 11.167791967069817 12.30403549465877
      vertex 43.5 10.975111325914554 11.386310629562498
    endloop
  endfacet
  facet normal 2.118302461291291e-18 -0.9786624140913137 0.20547476547002594
    outer loop
      vertex 43.5 9.016032913517577 11.788817491715367
      vertex 43.5 9.212257106694082 12.723420055480076
      vertex 42.5 9.212257106694082 12.723420055480076
    endloop
  endfacet
  facet normal -1 0 0
    outer loop
      vertex 42.5 9.016032913517577 11.788817491715367
      vertex 42.5 9.212257106694082 12.723420055480076
      vertex 42.5 9.701140821788016 12.618573915274752
    endloop
  endfacet
  facet normal -0.8320479148522059 0.542867726188212 -0.11397762610853483
    outer loop
      vertex 42.5 9.50580251661681 11.688190776177152
      vertex 42.5 9.701140821788016 12.618573915274752
      vertex 43.5 11.167791967069817 12.30403549465877
    endloop
  endfacet
  facet normal 0 -0.9768542711244861 0.21390589750132882
    outer loop
      vertex 43.5 9.212257106694082 12.723420055480076
      vertex 42.5 9.416532858302219 13.656295879739822
      vertex 42.5 9.212257106694082 12.723420055480076
    endloop
  endfacet
  facet normal -1 0 0
    outer loop
      vertex 42.5 9.701140821788016 12.618573915274752
      vertex 42.5 9.212257106694082 12.723420055480076
      vertex 42.5 9.904494335239903 13.547238110531058
    endloop
  endfacet
  facet normal 0 0.9768542711244872 -0.2139058975013238
    outer loop
      vertex 46.5 11.167791967069817 12.30403549465877
      vertex 43.5 11.167791967069817 12.30403549465877
      vertex 46.5 11.36837876605297 13.22006480290479
    endloop
  endfacet
  facet normal -0.8320479148522059 0.5418647424760661 -0.11865440679318652
    outer loop
      vertex 42.5 9.701140821788016 12.618573915274752
      vertex 43.5 11.36837876605297 13.22006480290479
      vertex 43.5 11.167791967069817 12.30403549465877
    endloop
  endfacet
  facet normal -2.542204145658502e-19 0.9768542711244872 -0.2139058975013238
    outer loop
      vertex 43.5 11.167791967069817 12.30403549465877
      vertex 43.5 11.36837876605297 13.22006480290479
      vertex 46.5 11.36837876605297 13.22006480290479
    endloop
  endfacet
  facet normal 1 0 0
    outer loop
      vertex 46.5 -2.928911611635494 15
      vertex 46.5 11.167791967069817 12.30403549465877
      vertex 46.5 11.36837876605297 13.22006480290479
    endloop
  endfacet
  facet normal -1 0 0
    outer loop
      vertex 43.5 1.5367827782623777 14.369504457016188
      vertex 43.5 9.416532858302219 13.656295879739822
      vertex 43.5 9.212257106694082 12.723420055480076
    endloop
  endfacet
  facet normal 1 0 0
    outer loop
      vertex 46.5 -2.928911611635494 15
      vertex 46.5 11.36837876605297 13.22006480290479
      vertex 46.5 11.576856808559853 14.134330444436
    endloop
  endfacet
  facet normal -1 0 0
    outer loop
      vertex 43.5 1.67484504504991 15
      vertex 43.5 9.628844979751761 14.587375602034822
      vertex 43.5 9.416532858302219 13.656295879739822
    endloop
  endfacet
  facet normal 1 0 0
    outer loop
      vertex 46.5 -2.928911611635494 15
      vertex 46.5 11.576856808559853 14.134330444436
      vertex 46.5 11.782121940828793 15
    endloop
  endfacet
  facet normal -1 0 0
    outer loop
      vertex 43.5 1.67484504504991 15
      vertex 43.5 9.726685317420255 15
      vertex 43.5 9.628844979751761 14.587375602034822
    endloop
  endfacet
  facet normal -1.423892243787936e-17 -0.9768542711244861 0.21390589750132882
    outer loop
      vertex 43.5 9.212257106694082 12.723420055480076
      vertex 43.5 9.416532858302219 13.656295879739822
      vertex 42.5 9.416532858302219 13.656295879739822
    endloop
  endfacet
  facet normal -1 0 0
    outer loop
      vertex 42.5 9.212257106694082 12.723420055480076
      vertex 42.5 9.416532858302219 13.656295879739822
      vertex 42.5 9.904494335239903 13.547238110531058
    endloop
  endfacet
  facet normal -0.8320479148522054 0.5418647424760663 -0.1186544067931877
    outer loop
      vertex 42.5 9.701140821788016 12.618573915274752
      vertex 42.5 9.904494335239903 13.547238110531058
      vertex 43.5 11.36837876605297 13.22006480290479
    endloop
  endfacet
  facet normal -1 0 0
    outer loop
      vertex 42.5 9.416532858302219 13.656295879739822
      vertex 42.5 10.115847936953784 14.474114312635116
      vertex 42.5 9.904494335239903 13.547238110531058
    endloop
  endfacet
  facet normal 0 -0.9749734957522499 0.22232112490862763
    outer loop
      vertex 43.5 9.416532858302219 13.656295879739822
      vertex 42.5 9.628844979751761 14.587375602034822
      vertex 42.5 9.416532858302219 13.656295879739822
    endloop
  endfacet
  facet normal 0 0.974973495752251 -0.22232112490862269
    outer loop
      vertex 46.5 11.36837876605297 13.22006480290479
      vertex 43.5 11.36837876605297 13.22006480290479
      vertex 46.5 11.576856808559853 14.134330444436
    endloop
  endfacet
  facet normal -0.8320479148522055 0.5408214692951457 -0.12332236512302477
    outer loop
      vertex 42.5 9.904494335239903 13.547238110531058
      vertex 43.5 11.576856808559853 14.134330444436
      vertex 43.5 11.36837876605297 13.22006480290479
    endloop
  endfacet
  facet normal -0.8320479148522045 0.5408214692951465 -0.12332236512302837
    outer loop
      vertex 42.5 9.904494335239903 13.547238110531058
      vertex 42.5 10.115847936953784 14.474114312635116
      vertex 43.5 11.576856808559853 14.134330444436
    endloop
  endfacet
  facet normal -3.193246897814161e-18 0.974973495752251 -0.22232112490862269
    outer loop
      vertex 43.5 11.36837876605297 13.22006480290479
      vertex 43.5 11.576856808559853 14.134330444436
      vertex 46.5 11.576856808559853 14.134330444436
    endloop
  endfacet
  facet normal 1.0330502951849592e-18 -0.9749734957522499 0.22232112490862763
    outer loop
      vertex 43.5 9.416532858302219 13.656295879739822
      vertex 43.5 9.628844979751761 14.587375602034822
      vertex 42.5 9.628844979751761 14.587375602034822
    endloop
  endfacet
  facet normal -1 0 0
    outer loop
      vertex 42.5 9.416532858302219 13.656295879739822
      vertex 42.5 9.628844979751761 14.587375602034822
      vertex 42.5 10.115847936953784 14.474114312635116
    endloop
  endfacet
  facet normal 0 -0.9730202278165855 0.23071982199143617
    outer loop
      vertex 43.5 9.628844979751761 14.587375602034822
      vertex 42.5 9.726685317420255 15
      vertex 42.5 9.628844979751761 14.587375602034822
    endloop
  endfacet
  facet normal 7.7633670146542e-18 -0.9730202278165855 0.23071982199143617
    outer loop
      vertex 43.5 9.628844979751761 14.587375602034822
      vertex 43.5 9.726685317420255 15
      vertex 42.5 9.726685317420255 15
    endloop
  endfacet
  facet normal -1 0 0
    outer loop
      vertex 42.5 9.628844979751761 14.587375602034822
      vertex 42.5 10.240544473272395 15
      vertex 42.5 10.115847936953784 14.474114312635116
    endloop
  endfacet
  facet normal -1 0 0
    outer loop
      vertex 42.5 9.628844979751761 14.587375602034822
      vertex 42.5 9.726685317420255 15
      vertex 42.5 10.240544473272395 15
    endloop
  endfacet
  facet normal 0 0.9730202278165873 -0.23071982199142885
    outer loop
      vertex 46.5 11.576856808559853 14.134330444436
      vertex 43.5 11.576856808559853 14.134330444436
      vertex 46.5 11.782121940828793 15
    endloop
  endfacet
  facet normal -0.8320479148522045 0.539737984216327 -0.1279811540196233
    outer loop
      vertex 42.5 10.115847936953784 14.474114312635116
      vertex 43.5 11.782121940828793 15
      vertex 43.5 11.576856808559853 14.134330444436
    endloop
  endfacet
  facet normal -0.8320479148522022 0.5397379842163283 -0.1279811540196321
    outer loop
      vertex 42.5 10.115847936953784 14.474114312635116
      vertex 42.5 10.240544473272395 15
      vertex 43.5 11.782121940828793 15
    endloop
  endfacet
  facet normal 1.8470739132844543e-19 0.9730202278165873 -0.23071982199142885
    outer loop
      vertex 43.5 11.576856808559853 14.134330444436
      vertex 43.5 11.782121940828793 15
      vertex 46.5 11.782121940828793 15
    endloop
  endfacet
  facet normal 1 0 0
    outer loop
      vertex -43.5 8.254905276566944 7.076455232451629
      vertex -43.5 0.5726450028793977 9.348265761289817
      vertex -43.5 0.4058451465302113 8.339291374812714
    endloop
  endfacet
  facet normal 1 0 0
    outer loop
      vertex -43.5 0.5726450028793977 9.348265761289817
      vertex -43.5 8.41052419819053 8.017796006994512
      vertex -43.5 0.7481388019210726 10.355764362352321
    endloop
  endfacet
  facet normal -1 0 0
    outer loop
      vertex -46.5 10.229511597848557 6.758760605561648
      vertex -46.5 -4.037019076353374 9.054104285315177
      vertex -46.5 10.38231770570573 7.68308663497022
    endloop
  endfacet
  facet normal 1 0 0
    outer loop
      vertex -43.5 8.254905276566944 7.076455232451629
      vertex -43.5 8.41052419819053 8.017796006994512
      vertex -43.5 0.5726450028793977 9.348265761289817
    endloop
  endfacet
  facet normal -1 0 0
    outer loop
      vertex -46.5 -3.8638903890298195 10.101361848344471
      vertex -46.5 10.543088374047855 8.606060690641073
      vertex -46.5 10.38231770570573 7.68308663497022
    endloop
  endfacet
  facet normal 1 0 0
    outer loop
      vertex -43.5 0.7481388019210726 10.355764362352321
      vertex -43.5 8.41052419819053 8.017796006994512
      vertex -43.5 8.574254289787959 8.957759921030458
    endloop
  endfacet
  facet normal -1 0 0
    outer loop
      vertex -46.5 -3.8638903890298195 10.101361848344471
      vertex -46.5 -3.681737887663715 11.147087630728421
      vertex -46.5 10.543088374047855 8.606060690641073
    endloop
  endfacet
  facet normal 1 0 0
    outer loop
      vertex -43.5 0.7481388019210726 10.355764362352321
      vertex -43.5 8.574254289787959 8.957759921030458
      vertex -43.5 0.9323134951001464 11.361712267085643
    endloop
  endfacet
  facet normal -1 0 0
    outer loop
      vertex -46.5 -3.681737887663715 11.147087630728421
      vertex -46.5 -3.490575115907106 12.19120387923277
      vertex -46.5 10.711811649034189 9.527614146344305
    endloop
  endfacet
  facet normal 1 0 0
    outer loop
      vertex -43.5 0.9323134951001464 11.361712267085643
      vertex -43.5 8.746083377475443 9.89627708507637
      vertex -43.5 1.1251553884078334 12.36603467987472
    endloop
  endfacet
  facet normal -1 0 0
    outer loop
      vertex -46.5 -3.681737887663715 11.147087630728421
      vertex -46.5 10.711811649034189 9.527614146344305
      vertex -46.5 10.543088374047855 8.606060690641073
    endloop
  endfacet
  facet normal 1 0 0
    outer loop
      vertex -43.5 0.9323134951001464 11.361712267085643
      vertex -43.5 8.574254289787959 8.957759921030458
      vertex -43.5 8.746083377475443 9.89627708507637
    endloop
  endfacet
  facet normal -1 0 0
    outer loop
      vertex -46.5 -3.490575115907106 12.19120387923277
      vertex -46.5 10.888474985520958 10.447678481476398
      vertex -46.5 10.711811649034189 9.527614146344305
    endloop
  endfacet
  facet normal 1 0 0
    outer loop
      vertex -43.5 1.1251553884078334 12.36603467987472
      vertex -43.5 8.746083377475443 9.89627708507637
      vertex -43.5 8.925998685181497 10.833277717219861
    endloop
  endfacet
  facet normal 5.850424581600657e-18 -0.9866091269557866 0.1631025156382959
    outer loop
      vertex -42.5 8.254905276566944 7.076455232451629
      vertex -42.5 8.41052419819053 8.017796006994512
      vertex -43.5 8.41052419819053 8.017796006994512
    endloop
  endfacet
  facet normal 1 0 0
    outer loop
      vertex -42.5 8.748556856887348 6.997031575729132
      vertex -42.5 8.90347257506933 7.934118663988436
      vertex -42.5 8.41052419819053 8.017796006994512
    endloop
  endfacet
  facet normal 1 0 0
    outer loop
      vertex -42.5 8.41052419819053 8.017796006994512
      vertex -42.5 8.90347257506933 7.934118663988436
      vertex -42.5 8.574254289787959 8.957759921030458
    endloop
  endfacet
  facet normal 0 -0.9851660542881372 0.17160374552539073
    outer loop
      vertex -42.5 8.41052419819053 8.017796006994512
      vertex -43.5 8.574254289787959 8.957759921030458
      vertex -43.5 8.41052419819053 8.017796006994512
    endloop
  endfacet
  facet normal 5.454926792693631e-18 -0.9851660542881372 0.17160374552539073
    outer loop
      vertex -42.5 8.41052419819053 8.017796006994512
      vertex -42.5 8.574254289787959 8.957759921030458
      vertex -43.5 8.574254289787959 8.957759921030458
    endloop
  endfacet
  facet normal 1 0 0
    outer loop
      vertex -42.5 8.90347257506933 7.934118663988436
      vertex -42.5 9.06646281085294 8.869835113433115
      vertex -42.5 8.574254289787959 8.957759921030458
    endloop
  endfacet
  facet normal 0 -0.983649731205997 0.18009221609600473
    outer loop
      vertex -42.5 8.574254289787959 8.957759921030458
      vertex -43.5 8.746083377475443 9.89627708507637
      vertex -43.5 8.574254289787959 8.957759921030458
    endloop
  endfacet
  facet normal 1 0 0
    outer loop
      vertex -42.5 8.574254289787959 8.957759921030458
      vertex -42.5 9.06646281085294 8.869835113433115
      vertex -42.5 8.746083377475443 9.89627708507637
    endloop
  endfacet
  facet normal 0.8320479148522046 0.5464753198944405 -0.09518924380604739
    outer loop
      vertex -42.5 8.90347257506933 7.934118663988436
      vertex -43.5 10.38231770570573 7.68308663497022
      vertex -42.5 9.06646281085294 8.869835113433115
    endloop
  endfacet
  facet normal 0.8320479148522035 0.5464753198944431 -0.09518924380604367
    outer loop
      vertex -42.5 9.06646281085294 8.869835113433115
      vertex -43.5 10.38231770570573 7.68308663497022
      vertex -43.5 10.543088374047855 8.606060690641073
    endloop
  endfacet
  facet normal 0 0.9851660542881374 -0.171603745525389
    outer loop
      vertex -43.5 10.38231770570573 7.68308663497022
      vertex -46.5 10.38231770570573 7.68308663497022
      vertex -43.5 10.543088374047855 8.606060690641073
    endloop
  endfacet
  facet normal 1.5497454978354227e-18 0.9851660542881374 -0.171603745525389
    outer loop
      vertex -46.5 10.38231770570573 7.68308663497022
      vertex -46.5 10.543088374047855 8.606060690641073
      vertex -43.5 10.543088374047855 8.606060690641073
    endloop
  endfacet
  facet normal 0.8320479148522036 0.5456342097711613 -0.09989783039436177
    outer loop
      vertex -42.5 9.06646281085294 8.869835113433115
      vertex -43.5 10.543088374047855 8.606060690641073
      vertex -42.5 9.237515445365133 9.804111350393349
    endloop
  endfacet
  facet normal 0.8320479148522009 0.545634209771167 -0.09989783039435328
    outer loop
      vertex -43.5 10.543088374047855 8.606060690641073
      vertex -43.5 10.711811649034189 9.527614146344305
      vertex -42.5 9.237515445365133 9.804111350393349
    endloop
  endfacet
  facet normal 0 0.9836497312060015 -0.18009221609598008
    outer loop
      vertex -43.5 10.543088374047855 8.606060690641073
      vertex -46.5 10.543088374047855 8.606060690641073
      vertex -43.5 10.711811649034189 9.527614146344305
    endloop
  endfacet
  facet normal 4.292248491669215e-18 0.9836497312060015 -0.18009221609598008
    outer loop
      vertex -46.5 10.543088374047855 8.606060690641073
      vertex -46.5 10.711811649034189 9.527614146344305
      vertex -43.5 10.711811649034189 9.527614146344305
    endloop
  endfacet
  facet normal 1.2033162357167611e-18 -0.983649731205997 0.18009221609600473
    outer loop
      vertex -42.5 8.574254289787959 8.957759921030458
      vertex -42.5 8.746083377475443 9.89627708507637
      vertex -43.5 8.746083377475443 9.89627708507637
    endloop
  endfacet
  facet normal 1 0 0
    outer loop
      vertex -42.5 9.06646281085294 8.869835113433115
      vertex -42.5 9.237515445365133 9.804111350393349
      vertex -42.5 8.746083377475443 9.89627708507637
    endloop
  endfacet
  facet normal 1 0 0
    outer loop
      vertex -42.5 9.237515445365133 9.804111350393349
      vertex -42.5 8.925998685181497 10.833277717219861
      vertex -42.5 8.746083377475443 9.89627708507637
    endloop
  endfacet
  facet normal 0 -0.9820602704531042 0.18856729620370521
    outer loop
      vertex -42.5 8.746083377475443 9.89627708507637
      vertex -43.5 8.925998685181497 10.833277717219861
      vertex -43.5 8.746083377475443 9.89627708507637
    endloop
  endfacet
  facet normal 8.712790437594748e-18 -0.9820602704531042 0.18856729620370521
    outer loop
      vertex -42.5 8.746083377475443 9.89627708507637
      vertex -42.5 8.925998685181497 10.833277717219861
      vertex -43.5 8.925998685181497 10.833277717219861
    endloop
  endfacet
  facet normal 0 -0.980397790211203 0.1970283556978284
    outer loop
      vertex -42.5 8.925998685181497 10.833277717219861
      vertex -43.5 9.113986835597032 11.768692148307828
      vertex -43.5 8.925998685181497 10.833277717219861
    endloop
  endfacet
  facet normal 0.8320479148522009 0.5447525299065187 -0.10459898924249841
    outer loop
      vertex -42.5 9.237515445365133 9.804111350393349
      vertex -43.5 10.711811649034189 9.527614146344305
      vertex -42.5 9.416617760266377 10.736877908283997
    endloop
  endfacet
  facet normal 0.8320479148522026 0.5447525299065149 -0.10459898924250378
    outer loop
      vertex -42.5 9.416617760266377 10.736877908283997
      vertex -43.5 10.711811649034189 9.527614146344305
      vertex -43.5 10.888474985520958 10.447678481476398
    endloop
  endfacet
  facet normal 0 0.982060270453099 -0.1885672962037318
    outer loop
      vertex -43.5 10.711811649034189 9.527614146344305
      vertex -46.5 10.711811649034189 9.527614146344305
      vertex -43.5 10.888474985520958 10.447678481476398
    endloop
  endfacet
  facet normal 2.296939923543837e-18 0.982060270453099 -0.1885672962037318
    outer loop
      vertex -46.5 10.711811649034189 9.527614146344305
      vertex -46.5 10.888474985520958 10.447678481476398
      vertex -43.5 10.888474985520958 10.447678481476398
    endloop
  endfacet
  facet normal 1 0 0
    outer loop
      vertex -42.5 9.237515445365133 9.804111350393349
      vertex -42.5 9.416617760266377 10.736877908283997
      vertex -42.5 8.925998685181497 10.833277717219861
    endloop
  endfacet
  facet normal 1 0 0
    outer loop
      vertex -42.5 9.416617760266377 10.736877908283997
      vertex -42.5 9.113986835597032 11.768692148307828
      vertex -42.5 8.925998685181497 10.833277717219861
    endloop
  endfacet
  facet normal 0.8320479148522025 0.5438303458563715 -0.10929237080346084
    outer loop
      vertex -42.5 9.416617760266377 10.736877908283997
      vertex -43.5 10.888474985520958 10.447678481476398
      vertex -42.5 9.60375643869628 11.668065432769612
    endloop
  endfacet
  facet normal 0 0.9803977902111997 -0.19702835569784527
    outer loop
      vertex -43.5 10.888474985520958 10.447678481476398
      vertex -46.5 10.888474985520958 10.447678481476398
      vertex -43.5 11.073065247994023 11.366185286154959
    endloop
  endfacet
  facet normal 0.8320479148522071 0.5438303458563619 -0.10929237080347454
    outer loop
      vertex -43.5 10.888474985520958 10.447678481476398
      vertex -43.5 11.073065247994023 11.366185286154959
      vertex -42.5 9.60375643869628 11.668065432769612
    endloop
  endfacet
  facet normal -1.7032462184773327e-18 0.9803977902111997 -0.19702835569784527
    outer loop
      vertex -46.5 10.888474985520958 10.447678481476398
      vertex -46.5 11.073065247994023 11.366185286154959
      vertex -43.5 11.073065247994023 11.366185286154959
    endloop
  endfacet
  facet normal -1 0 0
    outer loop
      vertex -46.5 -3.490575115907106 12.19120387923277
      vertex -46.5 -3.290416287355953 13.233632960297513
      vertex -46.5 10.888474985520958 10.447678481476398
    endloop
  endfacet
  facet normal -1 0 0
    outer loop
      vertex -46.5 -3.290416287355953 13.233632960297513
      vertex -46.5 -3.0812762844933843 14.274297365809254
      vertex -46.5 11.073065247994023 11.366185286154959
    endloop
  endfacet
  facet normal -1 0 0
    outer loop
      vertex -46.5 -3.290416287355953 13.233632960297513
      vertex -46.5 11.073065247994023 11.366185286154959
      vertex -46.5 10.888474985520958 10.447678481476398
    endloop
  endfacet
  facet normal 1 0 0
    outer loop
      vertex -43.5 1.1251553884078334 12.36603467987472
      vertex -43.5 8.925998685181497 10.833277717219861
      vertex -43.5 1.3266501433998172 13.368656925965286
    endloop
  endfacet
  facet normal -1 0 0
    outer loop
      vertex -46.5 -3.0812762844933843 14.274297365809254
      vertex -46.5 -2.928911611635494 15
      vertex -46.5 11.265568711545598 12.283066266305237
    endloop
  endfacet
  facet normal 0.7071034951626856 0.6920220453894623 -0.14529327521843138
    outer loop
      vertex -42 0.07013163298059055 14.68404287763217
      vertex -43.5 1.3266501433998172 13.368656925965286
      vertex -43.5 1.5367827782623777 14.369504457016188
    endloop
  endfacet
  facet normal 0.7071034951626867 0.6907434892946954 -0.15125501355558907
    outer loop
      vertex -42 0.13931809592579433 15
      vertex -43.5 1.5367827782623777 14.369504457016188
      vertex -43.5 1.67484504504991 15
    endloop
  endfacet
  facet normal 1 0 0
    outer loop
      vertex -43.5 1.3266501433998172 13.368656925965286
      vertex -43.5 9.113986835597032 11.768692148307828
      vertex -43.5 1.5367827782623777 14.369504457016188
    endloop
  endfacet
  facet normal 1 0 0
    outer loop
      vertex -43.5 1.5367827782623777 14.369504457016188
      vertex -43.5 9.310033851169848 12.702450827126544
      vertex -43.5 1.67484504504991 15
    endloop
  endfacet
  facet normal 1 0 0
    outer loop
      vertex -43.5 1.3266501433998172 13.368656925965286
      vertex -43.5 8.925998685181497 10.833277717219861
      vertex -43.5 9.113986835597032 11.768692148307828
    endloop
  endfacet
  facet normal 8.303879411372192e-18 -0.980397790211203 0.1970283556978284
    outer loop
      vertex -42.5 8.925998685181497 10.833277717219861
      vertex -42.5 9.113986835597032 11.768692148307828
      vertex -43.5 9.113986835597032 11.768692148307828
    endloop
  endfacet
  facet normal -1 0 0
    outer loop
      vertex -46.5 -3.0812762844933843 14.274297365809254
      vertex -46.5 11.265568711545598 12.283066266305237
      vertex -46.5 11.073065247994023 11.366185286154959
    endloop
  endfacet
  facet normal 1 0 0
    outer loop
      vertex -43.5 1.5367827782623777 14.369504457016188
      vertex -43.5 9.113986835597032 11.768692148307828
      vertex -43.5 9.310033851169848 12.702450827126544
    endloop
  endfacet
  facet normal 1 0 0
    outer loop
      vertex -42.5 9.416617760266377 10.736877908283997
      vertex -42.5 9.60375643869628 11.668065432769612
      vertex -42.5 9.113986835597032 11.768692148307828
    endloop
  endfacet
  facet normal 1 0 0
    outer loop
      vertex -42.5 9.60375643869628 11.668065432769612
      vertex -42.5 9.310033851169848 12.702450827126544
      vertex -42.5 9.113986835597032 11.768692148307828
    endloop
  endfacet
  facet normal 0 -0.9786624140913109 0.2054747654700388
    outer loop
      vertex -42.5 9.113986835597032 11.768692148307828
      vertex -43.5 9.310033851169848 12.702450827126544
      vertex -43.5 9.113986835597032 11.768692148307828
    endloop
  endfacet
  facet normal 0.8320479148522071 0.5428677261882104 -0.11397762610853328
    outer loop
      vertex -42.5 9.60375643869628 11.668065432769612
      vertex -43.5 11.073065247994023 11.366185286154959
      vertex -42.5 9.798917566263782 12.597604686921223
    endloop
  endfacet
  facet normal 0 0.9786624140913098 -0.2054747654700437
    outer loop
      vertex -43.5 11.073065247994023 11.366185286154959
      vertex -46.5 11.073065247994023 11.366185286154959
      vertex -43.5 11.265568711545598 12.283066266305237
    endloop
  endfacet
  facet normal 0.8320479148522083 0.5428677261882076 -0.11397762610853733
    outer loop
      vertex -43.5 11.073065247994023 11.366185286154959
      vertex -43.5 11.265568711545598 12.283066266305237
      vertex -42.5 9.798917566263782 12.597604686921223
    endloop
  endfacet
  facet normal -1.1856395640642959e-18 0.9786624140913098 -0.2054747654700437
    outer loop
      vertex -46.5 11.073065247994023 11.366185286154959
      vertex -46.5 11.265568711545598 12.283066266305237
      vertex -43.5 11.265568711545598 12.283066266305237
    endloop
  endfacet
  facet normal 6.059240378043292e-18 -0.9786624140913109 0.2054747654700388
    outer loop
      vertex -42.5 9.113986835597032 11.768692148307828
      vertex -42.5 9.310033851169848 12.702450827126544
      vertex -43.5 9.310033851169848 12.702450827126544
    endloop
  endfacet
  facet normal 1 0 0
    outer loop
      vertex -42.5 9.60375643869628 11.668065432769612
      vertex -42.5 9.798917566263782 12.597604686921223
      vertex -42.5 9.310033851169848 12.702450827126544
    endloop
  endfacet
  facet normal 0 -0.9768542711244861 0.2139058975013288
    outer loop
      vertex -42.5 9.310033851169848 12.702450827126544
      vertex -43.5 9.514125155143986 13.634484325573048
      vertex -43.5 9.310033851169848 12.702450827126544
    endloop
  endfacet
  facet normal 1 0 0
    outer loop
      vertex -42.5 9.310033851169848 12.702450827126544
      vertex -42.5 9.798917566263782 12.597604686921223
      vertex -42.5 9.514125155143986 13.634484325573048
    endloop
  endfacet
  facet normal 0.8320479148522083 0.5418647424760623 -0.11865440679318635
    outer loop
      vertex -42.5 9.798917566263782 12.597604686921223
      vertex -43.5 11.265568711545598 12.283066266305237
      vertex -42.5 10.00208663208167 13.525426556364291
    endloop
  endfacet
  facet normal 0 0.9768542711244904 -0.2139058975013093
    outer loop
      vertex -43.5 11.265568711545598 12.283066266305237
      vertex -46.5 11.265568711545598 12.283066266305237
      vertex -43.5 11.465971062894738 13.198253248738016
    endloop
  endfacet
  facet normal 0.8320479148522057 0.541864742476068 -0.1186544067931785
    outer loop
      vertex -43.5 11.265568711545598 12.283066266305237
      vertex -43.5 11.465971062894738 13.198253248738016
      vertex -42.5 10.00208663208167 13.525426556364291
    endloop
  endfacet
  facet normal 2.3397657511973566e-18 0.9768542711244904 -0.2139058975013093
    outer loop
      vertex -46.5 11.265568711545598 12.283066266305237
      vertex -46.5 11.465971062894738 13.198253248738016
      vertex -43.5 11.465971062894738 13.198253248738016
    endloop
  endfacet
  facet normal -1 0 0
    outer loop
      vertex -46.5 -2.928911611635494 15
      vertex -46.5 11.465971062894738 13.198253248738016
      vertex -46.5 11.265568711545598 12.283066266305237
    endloop
  endfacet
  facet normal 1 0 0
    outer loop
      vertex -43.5 1.67484504504991 15
      vertex -43.5 9.310033851169848 12.702450827126544
      vertex -43.5 9.514125155143986 13.634484325573048
    endloop
  endfacet
  facet normal 1 0 0
    outer loop
      vertex -43.5 1.67484504504991 15
      vertex -43.5 9.514125155143986 13.634484325573048
      vertex -43.5 9.726245572643535 14.564723343817334
    endloop
  endfacet
  facet normal -1 0 0
    outer loop
      vertex -46.5 -2.928911611635494 15
      vertex -46.5 11.67425740145164 14.111678186218512
      vertex -46.5 11.465971062894738 13.198253248738016
    endloop
  endfacet
  facet normal -1 0 0
    outer loop
      vertex -46.5 -2.928911611635494 15
      vertex -46.5 11.884893773530639 15
      vertex -46.5 11.67425740145164 14.111678186218512
    endloop
  endfacet
  facet normal 1 0 0
    outer loop
      vertex -43.5 1.67484504504991 15
      vertex -43.5 9.726245572643535 14.564723343817334
      vertex -43.5 9.829457150122094 15
    endloop
  endfacet
  facet normal 3.555841457884512e-18 -0.9768542711244861 0.2139058975013288
    outer loop
      vertex -42.5 9.310033851169848 12.702450827126544
      vertex -42.5 9.514125155143986 13.634484325573048
      vertex -43.5 9.514125155143986 13.634484325573048
    endloop
  endfacet
  facet normal 1 0 0
    outer loop
      vertex -42.5 9.798917566263782 12.597604686921223
      vertex -42.5 10.00208663208167 13.525426556364291
      vertex -42.5 9.514125155143986 13.634484325573048
    endloop
  endfacet
  facet normal 0 -0.9749734957522512 0.22232112490862177
    outer loop
      vertex -42.5 9.514125155143986 13.634484325573048
      vertex -43.5 9.726245572643535 14.564723343817334
      vertex -43.5 9.514125155143986 13.634484325573048
    endloop
  endfacet
  facet normal 1 0 0
    outer loop
      vertex -42.5 9.514125155143986 13.634484325573048
      vertex -42.5 10.00208663208167 13.525426556364291
      vertex -42.5 9.726245572643535 14.564723343817334
    endloop
  endfacet
  facet normal 0 0.974973495752249 -0.2223211249086311
    outer loop
      vertex -43.5 11.465971062894738 13.198253248738016
      vertex -46.5 11.465971062894738 13.198253248738016
      vertex -43.5 11.67425740145164 14.111678186218512
    endloop
  endfacet
  facet normal 0.8320479148522057 0.5408214692951434 -0.12332236512303348
    outer loop
      vertex -42.5 10.00208663208167 13.525426556364291
      vertex -43.5 11.465971062894738 13.198253248738016
      vertex -42.5 10.213248529845572 14.451462054417629
    endloop
  endfacet
  facet normal 0.8320479148522045 0.5408214692951461 -0.12332236512302977
    outer loop
      vertex -43.5 11.465971062894738 13.198253248738016
      vertex -43.5 11.67425740145164 14.111678186218512
      vertex -42.5 10.213248529845572 14.451462054417629
    endloop
  endfacet
  facet normal -2.7527023580529657e-18 0.974973495752249 -0.2223211249086311
    outer loop
      vertex -46.5 11.465971062894738 13.198253248738016
      vertex -46.5 11.67425740145164 14.111678186218512
      vertex -43.5 11.67425740145164 14.111678186218512
    endloop
  endfacet
  facet normal 1.3377690041545421e-17 -0.9749734957522512 0.22232112490862177
    outer loop
      vertex -42.5 9.514125155143986 13.634484325573048
      vertex -42.5 9.726245572643535 14.564723343817334
      vertex -43.5 9.726245572643535 14.564723343817334
    endloop
  endfacet
  facet normal 1 0 0
    outer loop
      vertex -42.5 9.726245572643535 14.564723343817334
      vertex -42.5 10.00208663208167 13.525426556364291
      vertex -42.5 10.213248529845572 14.451462054417629
    endloop
  endfacet
  facet normal 0 -0.9730202278165831 0.23071982199144622
    outer loop
      vertex -42.5 9.726245572643535 14.564723343817334
      vertex -43.5 9.829457150122094 15
      vertex -43.5 9.726245572643535 14.564723343817334
    endloop
  endfacet
  facet normal -1.1877607966238381e-18 -0.9730202278165831 0.23071982199144622
    outer loop
      vertex -42.5 9.726245572643535 14.564723343817334
      vertex -42.5 9.829457150122094 15
      vertex -43.5 9.829457150122094 15
    endloop
  endfacet
  facet normal 1 0 0
    outer loop
      vertex -42.5 9.726245572643535 14.564723343817334
      vertex -42.5 10.213248529845572 14.451462054417629
      vertex -42.5 9.829457150122094 15
    endloop
  endfacet
  facet normal 1 0 0
    outer loop
      vertex -42.5 10.213248529845572 14.451462054417629
      vertex -42.5 10.343316305974243 15
      vertex -42.5 9.829457150122094 15
    endloop
  endfacet
  facet normal 0.8320479148522044 0.5397379842163252 -0.1279811540196306
    outer loop
      vertex -42.5 10.213248529845572 14.451462054417629
      vertex -43.5 11.67425740145164 14.111678186218512
      vertex -42.5 10.343316305974243 15
    endloop
  endfacet
  facet normal 0 0.9730202278165878 -0.23071982199142657
    outer loop
      vertex -43.5 11.67425740145164 14.111678186218512
      vertex -46.5 11.67425740145164 14.111678186218512
      vertex -43.5 11.884893773530639 15
    endloop
  endfacet
  facet normal 0.832047914852203 0.5397379842163295 -0.12798115401962254
    outer loop
      vertex -42.5 10.343316305974243 15
      vertex -43.5 11.67425740145164 14.111678186218512
      vertex -43.5 11.884893773530639 15
    endloop
  endfacet
  facet normal 2.1731968816142234e-18 0.9730202278165878 -0.23071982199142657
    outer loop
      vertex -46.5 11.67425740145164 14.111678186218512
      vertex -46.5 11.884893773530639 15
      vertex -43.5 11.884893773530639 15
    endloop
  endfacet
  facet normal 0 0 -1
    outer loop
      vertex 46.5 -5.150269870598679 0
      vertex 42 -2.139110124999816 0
      vertex 43.5 -0.6335302522003827 0
    endloop
  endfacet
  facet normal 0 0 -1
    outer loop
      vertex 46.5 -5.150269870598679 0
      vertex -42 -2.139110124999816 0
      vertex 42 -2.139110124999816 0
    endloop
  endfacet
  facet normal 0 0 -1
    outer loop
      vertex 46.5 -5.150269870598679 0
      vertex 25.076497698036835 -5.150269870598679 0
      vertex -42 -2.139110124999816 0
    endloop
  endfacet
  facet normal 0 0 -1
    outer loop
      vertex -42 -2.139110124999816 0
      vertex 25.076497698036835 -5.150269870598679 0
      vertex 14.923502301963167 -5.150269870598679 0
    endloop
  endfacet
  facet normal 0 0 -1
    outer loop
      vertex -46.5 -5.150269870598679 0
      vertex -42 -2.139110124999816 0
      vertex 14.923502301963167 -5.150269870598679 0
    endloop
  endfacet
  facet normal 0 0 -1
    outer loop
      vertex -46.5 -5.150269870598679 0
      vertex -43.5 -0.6335302522003827 0
      vertex -42 -2.139110124999816 0
    endloop
  endfacet
  facet normal 0 0 -1
    outer loop
      vertex -46.5 -5.150269870598679 0
      vertex -43.5 7.350350254618596 0
      vertex -43.5 -0.6335302522003827 0
    endloop
  endfacet
  facet normal 0 0 -1
    outer loop
      vertex 46.5 -5.150269870598679 0
      vertex 43.5 -0.6335302522003827 0
      vertex 46.5 9.258911644476937 0
    endloop
  endfacet
  facet normal 0 0 -1
    outer loop
      vertex 43.5 -0.6335302522003827 0
      vertex 43.5 7.2498996535767555 0
      vertex 46.5 9.258911644476937 0
    endloop
  endfacet
  facet normal 0 0 -1
    outer loop
      vertex 43.5 7.2498996535767555 0
      vertex 42.5 7.2498996535767555 0
      vertex 42.5 7.7521526513018 0
    endloop
  endfacet
  facet normal 0 0 -1
    outer loop
      vertex 43.5 7.2498996535767555 0
      vertex 42.5 7.7521526513018 0
      vertex 43.5 9.258911644476937 0
    endloop
  endfacet
  facet normal 0 0 -1
    outer loop
      vertex 43.5 7.2498996535767555 0
      vertex 43.5 9.258911644476937 0
      vertex 46.5 9.258911644476937 0
    endloop
  endfacet
  facet normal 0 0 -1
    outer loop
      vertex -46.5 -5.150269870598679 0
      vertex -46.5 9.359362245518774 0
      vertex -43.5 7.350350254618596 0
    endloop
  endfacet
  facet normal 0 0 -1
    outer loop
      vertex -42.5 7.350350254618596 0
      vertex -43.5 7.350350254618596 0
      vertex -43.5 9.359362245518774 0
    endloop
  endfacet
  facet normal 0 0 -1
    outer loop
      vertex -42.5 7.350350254618596 0
      vertex -43.5 9.359362245518774 0
      vertex -42.5 7.852603252343633 0
    endloop
  endfacet
  facet normal 0 0 -1
    outer loop
      vertex -43.5 7.350350254618596 0
      vertex -46.5 9.359362245518774 0
      vertex -43.5 9.359362245518774 0
    endloop
  endfacet
  facet normal 0 0 1
    outer loop
      vertex 46.5 -2.928911611635494 15
      vertex 42 0.13931809592579433 15
      vertex 25 -2.928911611635494 15
    endloop
  endfacet
  facet normal 0 0 1
    outer loop
      vertex 42 0.13931809592579433 15
      vertex 15 -2.928911611635494 15
      vertex 25 -2.928911611635494 15
    endloop
  endfacet
  facet normal 0 0 1
    outer loop
      vertex 46.5 -2.928911611635494 15
      vertex 43.5 1.67484504504991 15
      vertex 42 0.13931809592579433 15
    endloop
  endfacet
  facet normal 0 0 1
    outer loop
      vertex 42 0.13931809592579433 15
      vertex -46.5 -2.928911611635494 15
      vertex 15 -2.928911611635494 15
    endloop
  endfacet
  facet normal 0 0 1
    outer loop
      vertex 42 0.13931809592579433 15
      vertex -42 0.13931809592579433 15
      vertex -46.5 -2.928911611635494 15
    endloop
  endfacet
  facet normal 0 0 1
    outer loop
      vertex -46.5 -2.928911611635494 15
      vertex -42 0.13931809592579433 15
      vertex -43.5 1.67484504504991 15
    endloop
  endfacet
  facet normal 0 0 1
    outer loop
      vertex 46.5 -2.928911611635494 15
      vertex 43.5 9.726685317420255 15
      vertex 43.5 1.67484504504991 15
    endloop
  endfacet
  facet normal 0 0 1
    outer loop
      vertex 46.5 -2.928911611635494 15
      vertex 46.5 11.782121940828793 15
      vertex 43.5 9.726685317420255 15
    endloop
  endfacet
  facet normal 0 0 1
    outer loop
      vertex 43.5 9.726685317420255 15
      vertex 43.5 11.782121940828793 15
      vertex 42.5 9.726685317420255 15
    endloop
  endfacet
  facet normal 0 0 1
    outer loop
      vertex 43.5 9.726685317420255 15
      vertex 46.5 11.782121940828793 15
      vertex 43.5 11.782121940828793 15
    endloop
  endfacet
  facet normal 0 0 1
    outer loop
      vertex 42.5 9.726685317420255 15
      vertex 43.5 11.782121940828793 15
      vertex 42.5 10.240544473272395 15
    endloop
  endfacet
  facet normal 0 0 1
    outer loop
      vertex -46.5 -2.928911611635494 15
      vertex -43.5 1.67484504504991 15
      vertex -43.5 9.829457150122094 15
    endloop
  endfacet
  facet normal 0 0 1
    outer loop
      vertex -46.5 -2.928911611635494 15
      vertex -43.5 9.829457150122094 15
      vertex -46.5 11.884893773530639 15
    endloop
  endfacet
  facet normal 0 0 1
    outer loop
      vertex -42.5 9.829457150122094 15
      vertex -42.5 10.343316305974243 15
      vertex -43.5 9.829457150122094 15
    endloop
  endfacet
  facet normal 0 0 1
    outer loop
      vertex -43.5 9.829457150122094 15
      vertex -42.5 10.343316305974243 15
      vertex -43.5 11.884893773530639 15
    endloop
  endfacet
  facet normal 0 0 1
    outer loop
      vertex -43.5 9.829457150122094 15
      vertex -43.5 11.884893773530639 15
      vertex -46.5 11.884893773530639 15
    endloop
  endfacet
  facet normal 0 0 -1
    outer loop
      vertex 27 -10.151375858569153 0
      vertex 13 -10.151375858569153 0
      vertex 14.923502301963167 -5.150269870598679 0
    endloop
  endfacet
  facet normal 0 0 -1
    outer loop
      vertex 27 -10.151375858569153 0
      vertex 14.923502301963167 -5.150269870598679 0
      vertex 25.076497698036835 -5.150269870598679 0
    endloop
  endfacet
  facet normal -0.9333456062719926 0.3589790791296431 1.0170679855593246e-15
    outer loop
      vertex 13 -10.151375858569153 0
      vertex 14.944456919843544 -5.095787864078474 0.6302649722607949
      vertex 14.923502301963167 -5.150269870598679 0
    endloop
  endfacet
  facet normal -0.9333456062719925 0.3589790791296432 -1.0927129434559777e-17
    outer loop
      vertex 13 -10.151375858569153 0
      vertex 14.983122806752323 -4.995256558058031 1.6869652146220169
      vertex 14.944456919843544 -5.095787864078474 0.6302649722607949
    endloop
  endfacet
  facet normal -0.9333456062719925 0.35897907912964366 -1.5754512143612055e-15
    outer loop
      vertex 13 -10.151375858569153 0
      vertex 15 -4.951375855588921 2.1095236561947743
      vertex 14.983122806752323 -4.995256558058031 1.6869652146220169
    endloop
  endfacet
  facet normal 0.9333456062719927 0.3589790791296429 0
    outer loop
      vertex 27 -10.151375858569153 0
      vertex 25.076497698036835 -5.150269870598679 0
      vertex 27 -10.151375858569153 15
    endloop
  endfacet
  facet normal 0.9333456062719917 0.35897907912964533 8.579923639295483e-16
    outer loop
      vertex 27 -10.151375858569153 15
      vertex 25.076497698036835 -5.150269870598679 0
      vertex 25.055543080156458 -5.095787864078474 0.6302649722607949
    endloop
  endfacet
  facet normal 0.9333456062719916 0.3589790791296456 1.2069151568421917e-15
    outer loop
      vertex 27 -10.151375858569153 15
      vertex 25.055543080156458 -5.095787864078474 0.6302649722607949
      vertex 25.016877193247677 -4.995256558058031 1.6869652146220169
    endloop
  endfacet
  facet normal 0.9333456062719938 0.3589790791296399 -1.4211645648346579e-15
    outer loop
      vertex 27 -10.151375858569153 15
      vertex 25.016877193247677 -4.995256558058031 1.6869652146220169
      vertex 25 -4.951375855588921 2.1095236561947743
    endloop
  endfacet
  facet normal 1 0 0
    outer loop
      vertex 25 -4.951375855588921 15
      vertex 25 -4.951375855588921 2.1095236561947743
      vertex 25 -4.885617317109578 2.742759315069975
    endloop
  endfacet
  facet normal 1 0 0
    outer loop
      vertex 25 -4.951375855588921 15
      vertex 25 -4.885617317109578 2.742759315069975
      vertex 25 -4.7668782932800156 3.797568771757037
    endloop
  endfacet
  facet normal 0 -1 0
    outer loop
      vertex 27 -10.151375858569153 0
      vertex 13 -10.151375858569153 15
      vertex 13 -10.151375858569153 0
    endloop
  endfacet
  facet normal -0.9333456062719927 0.35897907912964316 0
    outer loop
      vertex 13 -10.151375858569153 0
      vertex 15 -4.951375855588921 15
      vertex 15 -4.951375855588921 2.1095236561947743
    endloop
  endfacet
  facet normal -1 0 0
    outer loop
      vertex 15 -4.951375855588921 15
      vertex 15 -4.885617317109578 2.742759315069975
      vertex 15 -4.951375855588921 2.1095236561947743
    endloop
  endfacet
  facet normal -1 0 0
    outer loop
      vertex 15 -4.951375855588921 15
      vertex 15 -4.7668782932800156 3.797568771757037
      vertex 15 -4.885617317109578 2.742759315069975
    endloop
  endfacet
  facet normal 1 0 0
    outer loop
      vertex 25 -4.951375855588921 15
      vertex 25 -4.7668782932800156 3.797568771757037
      vertex 25 -4.6390483152156605 4.851315156047166
    endloop
  endfacet
  facet normal 1 0 0
    outer loop
      vertex 25 -4.951375855588921 15
      vertex 25 -4.6390483152156605 4.851315156047166
      vertex 25 -4.502136887505969 5.903920118347351
    endloop
  endfacet
  facet normal 0.9333456062719927 0.35897907912964316 0
    outer loop
      vertex 27 -10.151375858569153 15
      vertex 25 -4.951375855588921 2.1095236561947743
      vertex 25 -4.951375855588921 15
    endloop
  endfacet
  facet normal -1 0 0
    outer loop
      vertex 15 -4.951375855588921 15
      vertex 15 -4.6390483152156605 4.851315156047166
      vertex 15 -4.7668782932800156 3.797568771757037
    endloop
  endfacet
  facet normal -1 0 0
    outer loop
      vertex 15 -4.951375855588921 15
      vertex 15 -4.502136887505969 5.903920118347351
      vertex 15 -4.6390483152156605 4.851315156047166
    endloop
  endfacet
  facet normal 0 -1 0
    outer loop
      vertex 27 -10.151375858569153 0
      vertex 27 -10.151375858569153 15
      vertex 13 -10.151375858569153 15
    endloop
  endfacet
  facet normal -0.9333456062719927 0.35897907912964316 0
    outer loop
      vertex 13 -10.151375858569153 0
      vertex 13 -10.151375858569153 15
      vertex 15 -4.951375855588921 15
    endloop
  endfacet
  facet normal 1 0 0
    outer loop
      vertex 25 -4.951375855588921 15
      vertex 25 -4.502136887505969 5.903920118347351
      vertex 25 -4.3561541899767775 6.955305393933109
    endloop
  endfacet
  facet normal 1 0 0
    outer loop
      vertex 25 -4.951375855588921 15
      vertex 25 -4.3561541899767775 6.955305393933109
      vertex 25 -4.201111076933373 8.005392808767816
    endloop
  endfacet
  facet normal 1 0 0
    outer loop
      vertex 25 -4.951375855588921 15
      vertex 25 -4.201111076933373 8.005392808767816
      vertex 25 -4.037019076353374 9.054104285315177
    endloop
  endfacet
  facet normal -1 0 0
    outer loop
      vertex 15 -4.951375855588921 15
      vertex 15 -4.3561541899767775 6.955305393933109
      vertex 15 -4.502136887505969 5.903920118347351
    endloop
  endfacet
  facet normal -1 0 0
    outer loop
      vertex 15 -4.951375855588921 15
      vertex 15 -4.201111076933373 8.005392808767816
      vertex 15 -4.3561541899767775 6.955305393933109
    endloop
  endfacet
  facet normal -1 0 0
    outer loop
      vertex 15 -4.951375855588921 15
      vertex 15 -4.037019076353374 9.054104285315177
      vertex 15 -4.201111076933373 8.005392808767816
    endloop
  endfacet
  facet normal 0 0 1
    outer loop
      vertex 27 -10.151375858569153 15
      vertex 15 -4.951375855588921 15
      vertex 13 -10.151375858569153 15
    endloop
  endfacet
  facet normal 0 0 1
    outer loop
      vertex 27 -10.151375858569153 15
      vertex 25 -4.951375855588921 15
      vertex 15 -4.951375855588921 15
    endloop
  endfacet
  facet normal 1 0 0
    outer loop
      vertex 25 -4.951375855588921 15
      vertex 25 -4.037019076353374 9.054104285315177
      vertex 25 -3.8638903890298195 10.101361848344471
    endloop
  endfacet
  facet normal 1 0 0
    outer loop
      vertex 25 -4.951375855588921 15
      vertex 25 -3.8638903890298195 10.101361848344471
      vertex 25 -3.681737887663715 11.147087630728421
    endloop
  endfacet
  facet normal 1 0 0
    outer loop
      vertex 25 -4.951375855588921 15
      vertex 25 -3.681737887663715 11.147087630728421
      vertex 25 -3.490575115907106 12.19120387923277
    endloop
  endfacet
  facet normal 1 0 0
    outer loop
      vertex 25 -4.951375855588921 15
      vertex 25 -3.490575115907106 12.19120387923277
      vertex 25 -3.290416287355953 13.233632960297513
    endloop
  endfacet
  facet normal 1 0 0
    outer loop
      vertex 25 -4.951375855588921 15
      vertex 25 -3.290416287355953 13.233632960297513
      vertex 25 -3.0812762844933843 14.274297365809254
    endloop
  endfacet
  facet normal 1 0 0
    outer loop
      vertex 25 -4.951375855588921 15
      vertex 25 -3.0812762844933843 14.274297365809254
      vertex 25 -2.928911611635494 15
    endloop
  endfacet
  facet normal -1 0 0
    outer loop
      vertex 15 -4.951375855588921 15
      vertex 15 -3.8638903890298195 10.101361848344471
      vertex 15 -4.037019076353374 9.054104285315177
    endloop
  endfacet
  facet normal -1 0 0
    outer loop
      vertex 15 -4.951375855588921 15
      vertex 15 -3.681737887663715 11.147087630728421
      vertex 15 -3.8638903890298195 10.101361848344471
    endloop
  endfacet
  facet normal -1 0 0
    outer loop
      vertex 15 -4.951375855588921 15
      vertex 15 -3.490575115907106 12.19120387923277
      vertex 15 -3.681737887663715 11.147087630728421
    endloop
  endfacet
  facet normal -1 0 0
    outer loop
      vertex 15 -4.951375855588921 15
      vertex 15 -3.290416287355953 13.233632960297513
      vertex 15 -3.490575115907106 12.19120387923277
    endloop
  endfacet
  facet normal 0 0 1
    outer loop
      vertex 25 -4.951375855588921 15
      vertex 25 -2.928911611635494 15
      vertex 15 -4.951375855588921 15
    endloop
  endfacet
  facet normal 0 0 1
    outer loop
      vertex 15 -4.951375855588921 15
      vertex 25 -2.928911611635494 15
      vertex 15 -2.928911611635494 15
    endloop
  endfacet
  facet normal -1 0 0
    outer loop
      vertex 15 -4.951375855588921 15
      vertex 15 -3.0812762844933843 14.274297365809254
      vertex 15 -3.290416287355953 13.233632960297513
    endloop
  endfacet
  facet normal -1 0 0
    outer loop
      vertex 15 -4.951375855588921 15
      vertex 15 -2.928911611635494 15
      vertex 15 -3.0812762844933843 14.274297365809254
    endloop
  endfacet
endsolid OpenSCAD_Model
